Date,EUA,TTF,SPRD GER,SPRD FR,SPRD IR
2019-01-01,27.37,22.8,20.06,32.14,169.72
2019-01-02,27.37,21.86,99.67,32.53,233.51
2019-01-03,25.28,21.93,19.01,25.31,171.0
2019-01-04,25.66,22.05,8.87,30.23,182.44
2019-01-05,25.18,22.88,43.27,16.55,136.27
2019-01-06,24.7,22.88,15.99,15.8,87.61
2019-01-07,24.22,22.35,28.85,28.85,36.76
2019-01-08,24.78,21.2,39.15,41.13,142.5
2019-01-09,23.93,21.68,47.55,39.46,120.9
2019-01-10,23.96,21.72,33.29,33.29,105.66
2019-01-11,24.52,21.16,16.72,26.59,23.13
2019-01-12,24.46,21.59,13.26,22.49,44.25
2019-01-13,24.39,21.59,24.31,32.0,33.05
2019-01-14,24.33,21.7,66.7,43.0,48.88
2019-01-15,24.4,21.3,27.58,32.58,30.61
2019-01-16,25.18,21.56,23.32,27.79,30.05
2019-01-17,25.39,21.72,27.79,35.59,127.37
2019-01-18,26.63,22.56,35.95,28.86,46.27
2019-01-19,26.5,22.58,16.36,13.16,45.36
2019-01-20,26.38,22.58,22.35,14.72,37.65
2019-01-21,26.25,22.63,36.92,36.92,27.05
2019-01-22,26.94,21.61,28.27,31.48,29.0
2019-01-23,26.47,21.72,42.63,42.63,60.99
2019-01-24,25.85,22.17,56.7,56.55,56.58
2019-01-25,25.68,21.38,41.72,41.72,37.96
2019-01-26,25.29,20.6,18.46,21.98,70.0
2019-01-27,24.89,20.6,43.21,28.25,80.36
2019-01-28,24.5,20.67,27.08,27.3,86.84
2019-01-29,25.08,20.5,28.21,27.17,22.61
2019-01-30,24.72,20.4,25.43,25.91,202.04
2019-01-31,23.9,20.53,33.41,33.41,23.66
2019-02-01,23.55,19.8,15.56,31.47,34.78
2019-02-02,23.91,19.46,16.9,16.9,88.99
2019-02-03,24.27,19.46,15.14,19.53,32.44
2019-02-04,24.63,19.46,22.12,27.33,207.91
2019-02-05,24.74,18.97,32.05,23.43,26.81
2019-02-06,25.24,19.19,18.61,25.48,30.24
2019-02-07,25.02,18.99,16.29,19.5,34.77
2019-02-08,23.91,18.99,26.78,23.04,23.91
2019-02-09,23.93,18.24,38.22,31.51,68.58
2019-02-10,23.95,18.24,31.67,24.66,44.86
2019-02-11,23.97,18.34,53.36,41.76,59.11
2019-02-12,22.25,17.89,25.48,23.17,61.93
2019-02-13,22.51,17.87,17.12,27.63,65.98
2019-02-14,21.37,17.76,25.2,25.2,30.67
2019-02-15,22.04,17.92,21.54,21.54,55.45
2019-02-16,21.89,17.71,20.97,19.38,48.5
2019-02-17,21.75,17.71,14.98,14.98,60.08
2019-02-18,21.6,17.78,19.17,19.17,41.5
2019-02-19,21.81,17.59,17.78,24.05,25.65
2019-02-20,22.04,17.47,21.71,19.89,30.16
2019-02-21,20.32,18.11,16.66,22.34,46.75
2019-02-22,20.43,17.73,18.6,18.67,28.59
2019-02-23,20.5,17.3,16.08,15.47,56.73
2019-02-24,20.58,17.3,16.93,16.91,40.26
2019-02-25,20.65,17.37,20.82,20.82,35.91
2019-02-26,21.08,16.99,20.26,17.16,29.04
2019-02-27,22.7,17.23,20.72,20.17,24.85
2019-02-28,23.13,17.48,21.26,21.38,39.71
2019-03-01,23.73,17.57,14.88,15.7,32.97
2019-03-02,24.02,17.34,9.11,12.84,19.44
2019-03-03,24.31,17.34,37.43,30.47,27.7
2019-03-04,24.6,17.39,44.96,35.05,38.93
2019-03-05,24.42,17.37,46.47,28.56,48.99
2019-03-06,23.6,17.3,16.76,22.32,41.3
2019-03-07,24.76,16.99,21.94,19.9,51.2
2019-03-08,24.52,16.83,41.02,29.79,32.52
2019-03-09,24.27,16.8,25.9,17.79,111.0
2019-03-10,24.03,16.8,41.52,31.69,35.38
2019-03-11,23.78,16.86,31.85,29.0,80.93
2019-03-12,23.8,16.74,19.13,19.13,28.02
2019-03-13,23.72,16.57,36.55,26.74,56.23
2019-03-14,24.2,15.96,22.23,20.0,40.89
2019-03-15,23.92,15.7,34.94,30.82,56.58
2019-03-16,23.69,15.18,36.14,23.51,52.69
2019-03-17,23.45,15.18,56.89,50.12,38.27
2019-03-18,23.22,15.3,40.34,30.78,38.03
2019-03-19,22.53,15.06,18.25,18.25,39.06
2019-03-20,23.02,15.24,18.08,18.08,29.6
2019-03-21,22.28,14.94,20.5,20.5,27.01
2019-03-22,21.99,14.7,15.87,15.87,27.47
2019-03-23,22.07,14.22,16.74,16.47,35.41
2019-03-24,22.15,14.22,18.81,18.88,41.61
2019-03-25,22.23,14.24,18.28,21.88,66.29
2019-03-26,22.84,14.3,18.53,17.66,45.36
2019-03-27,23.15,14.36,13.67,13.99,56.5
2019-03-28,23.55,14.8,16.01,19.91,26.69
2019-03-29,22.82,14.69,17.14,16.93,43.35
2019-03-30,22.93,13.94,20.51,16.48,33.79
2019-03-31,23.05,13.94,40.78,53.38,23.26
2019-04-01,23.16,14.26,26.99,27.06,44.42
2019-04-02,23.25,14.15,18.62,18.41,27.18
2019-04-03,24.45,13.8,23.64,23.64,28.32
2019-04-04,25.72,13.94,27.27,26.31,28.61
2019-04-05,25.9,14.81,24.91,22.5,28.33
2019-04-06,25.79,16.0,11.89,14.03,29.95
2019-04-07,25.69,16.0,21.62,21.62,27.08
2019-04-08,25.58,16.1,23.7,23.7,34.73
2019-04-09,26.84,16.62,20.36,20.36,28.99
2019-04-10,27.41,16.68,22.24,22.24,37.31
2019-04-11,28.58,16.76,22.72,22.72,59.84
2019-04-12,27.82,15.95,22.86,22.86,32.37
2019-04-13,27.9,16.15,10.63,10.63,31.08
2019-04-14,27.97,16.15,17.77,26.82,23.73
2019-04-15,28.05,16.15,22.34,22.68,28.03
2019-04-16,28.25,15.6,20.0,18.97,16.29
2019-04-17,28.71,14.92,19.24,14.44,27.81
2019-04-18,28.14,15.02,22.19,21.17,31.05
2019-04-19,28.27,14.77,38.66,18.94,32.0
2019-04-20,28.4,14.77,25.89,23.41,37.6
2019-04-21,28.54,14.77,39.96,39.81,32.73
2019-04-22,28.67,14.77,100.04,28.76,30.88
2019-04-23,28.8,14.83,51.09,39.53,32.08
2019-04-24,28.66,14.31,25.9,25.47,34.51
2019-04-25,28.54,14.46,29.39,38.61,24.93
2019-04-26,27.09,14.53,22.85,30.61,17.63
2019-04-27,27.24,14.73,14.97,16.72,30.3
2019-04-28,27.4,14.73,17.98,15.07,28.19
2019-04-29,27.55,14.8,22.53,22.53,34.54
2019-04-30,27.43,14.76,25.56,25.56,24.53
2019-05-01,26.89,14.35,40.07,30.63,31.01
2019-05-02,25.79,14.17,21.47,20.21,26.06
2019-05-03,26.29,14.43,17.62,17.62,25.42
2019-05-04,26.33,14.54,12.19,17.33,35.94
2019-05-05,26.38,14.54,25.61,27.89,19.18
2019-05-06,26.42,14.54,18.56,17.76,15.47
2019-05-07,27.47,14.53,22.81,22.81,35.32
2019-05-08,27.99,14.52,14.36,12.24,31.83
2019-05-09,27.57,14.36,24.4,24.4,24.56
2019-05-10,26.62,14.65,19.0,19.0,44.14
2019-05-11,26.42,14.27,6.17,16.35,27.91
2019-05-12,26.23,14.27,64.88,54.98,16.03
2019-05-13,26.03,14.32,17.98,18.6,31.61
2019-05-14,26.87,13.88,20.57,20.57,31.35
2019-05-15,26.96,13.74,20.69,20.69,27.82
2019-05-16,26.56,13.81,17.23,17.23,22.69
2019-05-17,25.96,13.66,17.34,17.33,29.51
2019-05-18,26.03,13.03,12.81,12.81,26.14
2019-05-19,26.09,13.03,14.93,14.93,19.38
2019-05-20,26.16,13.11,29.45,23.94,23.82
2019-05-21,26.35,13.04,26.12,26.12,33.0
2019-05-22,27.34,12.7,21.35,21.35,90.83
2019-05-23,27.03,12.83,19.63,19.65,81.32
2019-05-24,26.44,12.45,16.16,25.26,85.25
2019-05-25,26.5,12.22,13.36,13.36,23.35
2019-05-26,26.55,12.22,51.11,44.46,20.77
2019-05-27,26.61,12.22,34.25,15.63,19.61
2019-05-28,26.46,12.3,31.45,18.47,20.16
2019-05-29,26.51,12.37,20.3,22.92,26.71
2019-05-30,26.28,12.2,40.31,33.31,24.39
2019-05-31,25.45,11.5,19.09,15.21,25.54
2019-06-01,25.21,10.21,23.47,19.3,24.05
2019-06-02,24.98,10.21,47.15,47.15,19.47
2019-06-03,24.74,10.35,25.38,30.51,23.42
2019-06-04,25.58,10.16,24.22,23.2,47.98
2019-06-05,25.28,10.55,20.45,20.39,22.24
2019-06-06,25.09,10.93,35.06,18.88,37.62
2019-06-07,25.66,10.63,41.66,36.7,57.94
2019-06-08,25.89,10.59,117.32,30.22,
2019-06-09,26.13,10.59,36.95,16.39,22.27
2019-06-10,26.36,10.69,13.7,12.7,27.23
2019-06-11,26.11,11.44,26.93,24.39,22.02
2019-06-12,25.92,11.25,29.74,23.64,26.3
2019-06-13,26.05,10.92,48.08,27.29,20.3
2019-06-14,26.15,11.39,31.67,31.44,108.71
2019-06-15,26.14,10.87,16.66,15.0,26.9
2019-06-16,26.13,10.87,28.5,17.39,13.8
2019-06-17,26.12,11.02,35.34,11.73,27.41
2019-06-18,26.22,11.36,31.06,25.97,5.65
2019-06-19,26.07,11.27,25.36,25.67,94.87
2019-06-20,26.2,10.53,18.42,19.35,41.51
2019-06-21,26.42,10.13,17.69,29.18,21.95
2019-06-22,26.79,9.74,9.46,19.0,22.47
2019-06-23,27.16,9.74,41.69,24.9,18.2
2019-06-24,27.53,9.83,26.88,19.74,32.17
2019-06-25,27.64,10.11,41.0,19.84,39.01
2019-06-26,28.65,9.55,29.21,22.85,32.06
2019-06-27,28.15,9.24,23.2,27.46,24.21
2019-06-28,27.5,9.2,32.64,27.14,32.97
2019-06-29,27.72,8.94,31.17,10.97,19.55
2019-06-30,27.95,8.94,77.91,43.06,28.94
2019-07-01,28.17,9.17,28.16,24.86,24.55
2019-07-02,27.98,10.0,21.44,14.04,46.14
2019-07-03,27.78,10.48,20.23,22.94,53.54
2019-07-04,27.28,10.32,16.25,23.96,38.79
2019-07-05,27.67,10.4,18.28,15.76,31.87
2019-07-06,27.83,10.24,5.83,6.6,22.97
2019-07-07,28.0,10.24,30.25,25.42,15.39
2019-07-08,28.16,10.44,9.95,18.61,49.94
2019-07-09,27.9,11.33,14.63,23.11,63.34
2019-07-10,29.65,12.14,16.53,22.31,29.16
2019-07-11,29.71,11.6,15.85,24.98,30.73
2019-07-12,30.26,12.6,21.07,26.93,22.92
2019-07-13,30.36,12.39,4.47,6.08,22.16
2019-07-14,30.46,12.39,7.87,12.71,24.35
2019-07-15,30.56,12.59,15.13,24.08,64.32
2019-07-16,29.98,13.68,16.01,16.01,55.0
2019-07-17,29.98,11.89,17.52,13.7,24.12
2019-07-18,29.28,11.13,15.58,21.07,23.56
2019-07-19,30.38,10.97,15.82,19.68,36.26
2019-07-20,30.42,10.72,10.59,8.66,26.39
2019-07-21,30.46,10.72,36.87,29.64,5.12
2019-07-22,30.5,10.85,15.94,25.23,18.64
2019-07-23,31.33,10.63,23.24,18.68,22.65
2019-07-24,30.7,10.45,29.98,22.41,32.51
2019-07-25,30.51,10.34,23.89,21.8,25.81
2019-07-26,29.75,10.26,19.52,19.7,26.11
2019-07-27,29.78,9.92,6.2,5.88,47.63
2019-07-28,29.82,9.92,15.86,13.57,21.45
2019-07-29,29.85,10.05,24.94,19.3,98.53
2019-07-30,29.29,9.97,18.16,24.98,21.81
2019-07-31,29.38,9.64,26.78,20.81,81.01
2019-08-01,30.83,10.28,28.84,11.0,45.38
2019-08-02,30.61,10.96,10.07,20.9,45.74
2019-08-03,30.42,11.08,10.98,10.98,19.15
2019-08-04,30.23,11.08,18.71,18.71,16.9
2019-08-05,30.04,11.1,21.12,23.59,15.13
2019-08-06,29.7,10.45,15.0,13.38,18.56
2019-08-07,29.56,9.72,3.49,19.25,19.01
2019-08-08,29.78,9.64,15.26,15.26,77.5
2019-08-09,29.36,9.65,20.9,20.0,23.64
2019-08-10,28.88,9.99,81.45,27.48,35.87
2019-08-11,28.39,9.99,84.46,28.23,25.25
2019-08-12,27.91,10.2,35.32,16.17,27.84
2019-08-13,28.3,10.54,20.6,18.12,63.55
2019-08-14,28.12,10.7,37.93,12.97,9.46
2019-08-15,27.2,10.2,13.23,20.68,25.01
2019-08-16,27.15,9.71,29.2,10.25,18.41
2019-08-17,27.34,9.59,16.71,18.11,27.41
2019-08-18,27.54,9.59,28.44,24.99,45.73
2019-08-19,27.73,9.67,24.91,21.19,31.04
2019-08-20,27.42,9.67,19.64,16.9,15.36
2019-08-21,27.17,9.91,35.88,19.35,19.9
2019-08-22,26.81,10.24,24.22,18.23,23.67
2019-08-23,26.24,10.27,28.75,15.71,23.73
2019-08-24,26.48,10.15,15.56,15.56,20.32
2019-08-25,26.73,10.15,22.12,13.71,65.45
2019-08-26,26.97,10.15,37.26,19.95,44.99
2019-08-27,26.53,10.23,22.09,14.65,36.9
2019-08-28,27.11,10.06,35.28,20.7,85.32
2019-08-29,27.55,10.15,25.09,23.06,21.73
2019-08-30,27.37,10.03,19.03,26.0,18.2
2019-08-31,26.99,9.65,19.18,17.63,26.3
2019-09-01,26.6,9.65,12.47,12.47,43.95
2019-09-02,26.22,9.85,25.68,24.55,31.17
2019-09-03,26.21,8.19,23.54,19.21,24.48
2019-09-04,26.47,7.57,17.02,25.93,20.4
2019-09-05,26.48,7.6,16.5,20.44,17.35
2019-09-06,26.05,7.58,14.71,18.35,24.37
2019-09-07,26.02,8.29,14.62,11.15,24.09
2019-09-08,26.0,8.29,22.14,20.98,22.23
2019-09-09,25.97,8.45,39.27,20.35,23.49
2019-09-10,27.69,9.49,20.55,18.37,69.11
2019-09-11,27.27,9.89,14.63,25.9,27.41
2019-09-12,27.42,10.42,28.66,26.66,27.28
2019-09-13,27.38,10.8,19.48,19.48,104.04
2019-09-14,27.61,11.32,22.83,19.97,19.73
2019-09-15,27.84,11.32,56.35,37.27,28.87
2019-09-16,28.07,11.51,29.26,29.26,49.67
2019-09-17,27.24,11.41,21.61,21.59,11.6
2019-09-18,26.47,10.59,27.08,24.48,64.52
2019-09-19,26.98,9.33,35.47,26.38,34.9
2019-09-20,27.59,9.38,25.69,39.89,33.49
2019-09-21,27.34,8.77,15.53,20.72,60.4
2019-09-22,27.09,8.77,16.07,16.07,29.1
2019-09-23,26.84,8.82,22.76,27.57,26.45
2019-09-24,26.58,9.4,29.95,30.29,19.69
2019-09-25,26.26,10.34,29.08,33.35,27.43
2019-09-26,26.69,10.37,19.96,31.33,17.82
2019-09-27,26.34,10.32,22.41,32.36,29.58
2019-09-28,26.15,9.97,46.46,30.06,30.74
2019-09-29,25.95,9.97,40.77,29.41,32.98
2019-09-30,25.76,10.05,82.62,41.69,29.94
2019-10-01,26.05,9.66,20.92,35.31,22.89
2019-10-02,25.2,9.45,20.76,37.32,50.02
2019-10-03,24.17,9.96,24.62,25.1,24.0
2019-10-04,23.91,11.23,17.47,38.35,13.4
2019-10-05,24.06,12.15,16.85,16.85,25.15
2019-10-06,24.2,12.15,14.43,16.94,30.83
2019-10-07,24.35,12.28,32.8,34.95,18.0
2019-10-08,23.5,10.54,25.17,30.14,24.06
2019-10-09,23.6,10.28,27.62,28.97,32.86
2019-10-10,24.18,8.98,29.48,29.75,33.17
2019-10-11,25.36,8.38,28.27,30.48,24.52
2019-10-12,25.26,8.49,38.82,26.1,36.06
2019-10-13,25.16,8.49,25.23,32.72,35.41
2019-10-14,25.06,8.65,58.49,35.22,26.36
2019-10-15,26.64,10.19,30.94,30.94,22.56
2019-10-16,27.23,11.33,22.9,23.07,35.15
2019-10-17,27.0,10.87,28.08,28.08,47.72
2019-10-18,26.8,10.41,23.15,30.77,28.0
2019-10-19,26.81,10.22,14.83,14.83,33.04
2019-10-20,26.82,10.22,20.02,20.02,29.58
2019-10-21,26.83,10.39,26.73,26.73,64.86
2019-10-22,26.52,10.42,29.46,29.46,29.48
2019-10-23,25.59,10.46,29.68,29.68,18.64
2019-10-24,26.28,10.5,6.77,13.48,25.69
2019-10-25,25.8,10.12,27.1,27.47,49.7
2019-10-26,25.84,10.04,36.0,21.42,26.9
2019-10-27,25.89,10.04,63.48,27.52,
2019-10-28,25.93,11.39,23.04,28.02,29.25
2019-10-29,26.25,11.37,20.64,20.64,27.06
2019-10-30,26.76,11.15,22.02,22.02,47.48
2019-10-31,26.35,10.15,16.63,22.96,24.51
2019-11-01,26.02,9.45,8.93,8.93,12.84
2019-11-02,26.14,10.37,12.75,13.18,35.71
2019-11-03,26.25,10.37,36.36,22.45,37.38
2019-11-04,26.37,10.63,23.07,34.03,19.9
2019-11-05,26.24,11.61,22.98,22.98,55.58
2019-11-06,25.52,13.81,32.7,32.7,42.11
2019-11-07,25.65,13.49,18.62,19.18,21.44
2019-11-08,25.56,13.66,23.8,24.22,40.12
2019-11-09,25.59,14.81,11.04,11.04,46.42
2019-11-10,25.62,14.81,15.29,15.29,19.97
2019-11-11,25.65,15.06,16.25,16.25,30.02
2019-11-12,24.83,14.9,17.25,22.68,28.75
2019-11-13,25.1,14.6,18.23,44.32,53.77
2019-11-14,24.67,14.82,18.33,25.14,52.89
2019-11-15,24.57,14.76,16.27,36.88,32.44
2019-11-16,24.42,14.63,7.49,15.01,63.04
2019-11-17,24.28,14.63,8.27,14.15,45.74
2019-11-18,24.13,14.83,23.92,29.25,30.04
2019-11-19,24.17,14.86,38.4,33.87,35.28
2019-11-20,24.75,14.84,29.4,36.86,27.79
2019-11-21,24.66,15.1,22.11,29.32,18.09
2019-11-22,25.31,15.57,17.2,18.56,50.62
2019-11-23,25.26,15.77,10.87,20.14,39.44
2019-11-24,25.21,15.77,12.01,15.32,35.41
2019-11-25,25.16,15.84,25.04,25.04,72.52
2019-11-26,25.11,16.34,18.88,18.88,34.69
2019-11-27,25.84,15.96,20.45,20.45,76.78
2019-11-28,25.73,15.88,38.44,34.16,102.96
2019-11-29,25.94,15.84,18.39,23.8,38.49
2019-11-30,25.65,15.71,12.33,12.33,27.68
2019-12-01,25.35,15.71,12.29,12.29,81.96
2019-12-02,25.06,15.8,20.12,26.05,78.99
2019-12-03,24.74,15.49,37.97,37.72,31.77
2019-12-04,25.48,15.2,26.79,45.54,31.52
2019-12-05,25.43,14.76,24.03,49.6,36.41
2019-12-06,25.68,14.5,26.65,15.54,23.12
2019-12-07,25.74,13.58,36.62,13.15,23.05
2019-12-08,25.81,13.58,65.21,26.86,67.72
2019-12-09,25.87,13.71,56.08,45.83,170.99
2019-12-10,25.68,13.61,30.64,20.97,51.19
2019-12-11,25.19,13.34,51.73,22.55,17.53
2019-12-12,25.79,13.39,26.95,26.95,28.29
2019-12-13,24.71,13.29,32.72,29.12,50.53
2019-12-14,24.98,12.97,13.82,12.49,50.22
2019-12-15,25.25,12.97,28.22,22.62,29.47
2019-12-16,25.52,13.04,20.82,21.09,102.62
2019-12-17,26.61,12.74,20.31,20.31,94.15
2019-12-18,27.13,12.85,21.41,24.9,21.55
2019-12-19,27.38,12.75,18.15,40.68,147.52
2019-12-20,27.21,12.76,16.39,33.64,85.75
2019-12-21,27.17,12.42,28.25,24.39,143.0
2019-12-22,27.12,12.42,33.35,28.7,32.2
2019-12-23,27.08,12.53,43.75,36.18,58.83
2019-12-24,26.62,11.85,43.23,31.71,23.56
2019-12-25,26.62,10.99,23.0,22.1,27.29
2019-12-26,26.62,10.99,8.93,31.03,20.57
2019-12-27,27.25,10.99,10.22,21.99,21.55
2019-12-28,26.71,12.02,9.97,17.27,22.32
2019-12-29,26.17,12.02,11.06,11.55,51.4
2019-12-30,25.63,12.08,30.64,12.86,65.35
2019-12-31,25.18,12.43,35.46,11.5,41.61
2020-01-01,25.04,11.86,14.01,16.12,21.05
2020-01-02,24.9,11.86,17.15,17.15,62.02
2020-01-03,25.5,11.93,29.14,21.62,29.55
2020-01-04,25.25,12.07,21.61,12.41,31.92
2020-01-05,24.99,12.07,11.72,11.72,26.48
2020-01-06,24.74,12.21,17.93,17.93,48.04
2020-01-07,25.06,12.46,22.12,22.07,10.02
2020-01-08,24.6,11.7,32.97,24.15,149.15
2020-01-09,25.2,11.58,18.92,18.71,41.2
2020-01-10,24.73,11.74,21.59,21.45,24.39
2020-01-11,24.71,11.68,11.57,13.06,48.72
2020-01-12,24.68,11.68,7.45,16.56,41.98
2020-01-13,24.66,11.77,28.08,27.9,51.63
2020-01-14,24.37,11.93,27.03,30.45,75.24
2020-01-15,25.04,11.4,36.45,31.12,42.92
2020-01-16,25.37,11.1,23.01,22.68,19.29
2020-01-17,25.97,11.14,18.09,18.09,32.8
2020-01-18,25.88,10.91,13.84,13.55,46.9
2020-01-19,25.79,10.91,14.34,15.73,22.76
2020-01-20,25.7,10.95,28.5,27.82,23.55
2020-01-21,25.45,10.65,20.08,25.73,98.77
2020-01-22,25.55,10.8,24.11,27.19,130.27
2020-01-23,25.21,10.65,30.3,30.38,90.44
2020-01-24,24.87,10.39,31.64,30.36,51.86
2020-01-25,24.93,10.47,12.95,13.12,17.43
2020-01-26,24.99,10.47,12.37,13.12,33.3
2020-01-27,25.05,10.48,20.22,24.42,24.2
2020-01-28,25.1,10.43,19.95,19.95,26.38
2020-01-29,24.43,10.72,25.25,23.17,27.69
2020-01-30,24.17,10.31,20.49,19.39,34.23
2020-01-31,24.31,9.78,48.36,25.2,47.76
2020-02-01,24.08,9.56,17.14,24.8,76.7
2020-02-02,23.86,9.56,51.95,21.86,22.95
2020-02-03,23.63,9.66,30.65,33.28,36.36
2020-02-04,23.78,9.48,22.05,25.24,115.16
2020-02-05,24.19,9.43,25.53,25.53,42.38
2020-02-06,23.98,9.58,20.44,20.56,23.65
2020-02-07,23.75,9.23,25.52,28.07,37.7
2020-02-08,23.69,9.12,16.3,11.39,34.14
2020-02-09,23.64,9.12,28.92,17.95,19.49
2020-02-10,23.58,9.11,37.54,30.0,51.33
2020-02-11,23.74,8.83,11.61,24.8,32.53
2020-02-12,24.31,8.85,34.17,21.3,46.82
2020-02-13,24.82,9.03,36.08,16.92,125.4
2020-02-14,24.71,8.98,31.71,22.89,47.39
2020-02-15,24.96,8.89,10.5,11.2,33.75
2020-02-16,25.22,8.89,29.64,18.22,33.24
2020-02-17,25.47,8.92,63.97,30.71,58.65
2020-02-18,25.56,9.03,28.42,27.67,40.0
2020-02-19,26.13,9.67,19.56,19.51,24.84
2020-02-20,26.06,9.48,16.11,16.05,27.99
2020-02-21,26.03,9.69,31.76,16.9,41.78
2020-02-22,25.69,9.44,19.69,17.65,66.47
2020-02-23,25.34,9.44,26.01,18.58,93.95
2020-02-24,25.0,9.46,48.04,27.98,21.08
2020-02-25,24.62,9.24,25.66,24.29,31.44
2020-02-26,24.69,9.12,14.11,14.56,86.56
2020-02-27,24.02,9.2,21.16,22.31,82.67
2020-02-28,24.02,9.25,15.34,18.58,20.39
2020-02-29,23.99,8.95,9.09,10.61,40.91
2020-03-01,23.96,8.95,43.97,27.05,42.53
2020-03-02,23.93,9.02,20.77,20.77,26.32
2020-03-03,23.77,9.15,25.08,21.5,76.3
2020-03-04,24.24,9.4,29.7,29.7,57.79
2020-03-05,24.21,9.28,26.04,32.15,72.09
2020-03-06,23.83,9.24,15.91,15.91,76.85
2020-03-07,23.78,8.95,15.01,15.01,17.14
2020-03-08,23.73,8.95,26.43,24.25,26.24
2020-03-09,23.68,9.01,25.8,26.96,40.66
2020-03-10,24.5,8.69,18.02,21.94,37.85
2020-03-11,24.34,9.0,37.22,27.91,66.29
2020-03-12,22.96,9.2,39.55,32.64,38.69
2020-03-13,22.38,9.21,42.49,22.9,47.61
2020-03-14,21.58,9.51,15.91,15.91,16.54
2020-03-15,20.78,9.51,63.76,35.29,31.88
2020-03-16,19.98,9.56,37.13,36.96,28.72
2020-03-17,19.05,8.77,14.21,14.21,29.82
2020-03-18,16.12,8.44,20.73,13.76,43.89
2020-03-19,17.19,8.36,21.59,13.33,26.43
2020-03-20,16.84,8.56,14.28,15.17,15.98
2020-03-21,16.65,8.52,19.73,21.91,33.89
2020-03-22,16.47,8.52,77.98,48.01,29.69
2020-03-23,16.28,8.58,21.13,21.13,20.55
2020-03-24,17.5,8.01,20.8,20.78,41.87
2020-03-25,18.21,8.16,17.31,15.06,27.32
2020-03-26,18.06,7.91,19.32,16.75,29.19
2020-03-27,17.11,7.72,14.36,14.34,16.79
2020-03-28,17.33,7.31,22.65,21.95,31.05
2020-03-29,17.56,7.31,33.7,28.69,28.09
2020-03-30,17.78,7.39,23.43,14.61,16.36
2020-03-31,18.42,7.12,25.16,13.19,20.74
2020-04-01,17.84,7.16,17.67,11.97,17.19
2020-04-02,18.82,6.95,22.68,14.65,25.99
2020-04-03,18.73,7.06,16.51,11.19,19.97
2020-04-04,19.54,6.84,26.87,10.79,5.82
2020-04-05,20.36,6.84,70.16,40.14,43.71
2020-04-06,21.17,6.88,35.33,15.07,28.9
2020-04-07,21.3,7.12,27.21,9.03,31.82
2020-04-08,21.93,7.44,32.76,7.38,17.26
2020-04-09,21.86,7.22,18.24,7.07,17.66
2020-04-10,21.6,6.95,25.67,10.92,13.6
2020-04-11,21.34,7.08,30.85,8.91,25.28
2020-04-12,21.09,7.08,25.17,21.81,18.04
2020-04-13,20.83,6.95,89.36,90.19,34.78
2020-04-14,20.57,6.94,28.84,17.82,16.99
2020-04-15,20.02,6.96,37.45,11.65,19.06
2020-04-16,21.69,6.83,38.15,7.34,20.39
2020-04-17,22.48,6.96,27.0,6.65,22.33
2020-04-18,22.37,6.79,17.1,10.81,17.1
2020-04-19,22.26,6.79,41.59,31.6,15.07
2020-04-20,22.15,6.79,62.63,38.93,17.68
2020-04-21,20.64,6.36,95.11,19.61,24.96
2020-04-22,21.45,5.9,55.52,27.91,15.78
2020-04-23,21.82,6.11,54.73,9.15,11.28
2020-04-24,21.53,5.79,14.92,13.08,19.45
2020-04-25,21.38,5.48,24.24,14.94,12.92
2020-04-26,21.24,5.48,26.28,19.59,17.17
2020-04-27,21.09,5.52,29.91,6.98,17.23
2020-04-28,21.04,5.78,8.56,12.35,14.45
2020-04-29,21.0,6.07,13.48,14.76,19.07
2020-04-30,20.39,5.94,25.49,6.04,20.22
2020-05-01,19.8,5.69,30.49,13.5,21.74
2020-05-02,19.93,5.49,22.79,19.13,21.26
2020-05-03,20.05,5.49,23.39,17.44,18.07
2020-05-04,20.18,5.5,34.99,12.01,2.0
2020-05-05,19.92,5.48,16.29,9.36,11.51
2020-05-06,19.83,5.48,12.16,9.51,13.25
2020-05-07,20.35,5.42,34.23,7.59,16.99
2020-05-08,20.17,5.36,26.58,13.71,19.74
2020-05-09,20.07,5.35,21.86,6.36,22.1
2020-05-10,19.96,5.35,14.06,12.77,17.11
2020-05-11,19.86,5.51,24.96,19.08,25.76
2020-05-12,19.31,5.64,16.52,10.91,12.36
2020-05-13,19.46,5.4,23.71,11.23,16.47
2020-05-14,19.62,5.08,12.73,14.96,15.57
2020-05-15,19.96,5.07,10.94,12.25,14.58
2020-05-16,20.35,4.78,18.39,7.97,17.51
2020-05-17,20.75,4.78,40.71,35.74,14.25
2020-05-18,21.14,4.9,19.05,12.69,19.16
2020-05-19,20.76,4.74,32.27,10.27,19.14
2020-05-20,22.06,4.35,36.33,9.89,1.77
2020-05-21,21.97,4.18,30.52,12.37,18.1
2020-05-22,22.19,3.28,9.14,10.36,22.49
2020-05-23,22.25,3.09,14.98,11.54,54.65
2020-05-24,22.32,3.09,47.29,63.84,74.14
2020-05-25,22.38,2.55,24.32,14.15,22.27
2020-05-26,22.4,2.7,30.4,10.15,11.96
2020-05-27,22.13,4.22,10.54,16.64,16.4
2020-05-28,22.04,3.58,10.67,11.95,17.43
2020-05-29,22.18,3.51,18.98,16.38,14.91
2020-05-30,22.04,3.29,15.41,15.41,20.54
2020-05-31,21.89,3.29,58.43,55.99,20.64
2020-06-01,21.75,3.46,71.22,33.33,18.29
2020-06-02,22.84,3.41,42.69,8.19,17.86
2020-06-03,22.85,4.28,31.17,19.56,55.64
2020-06-04,22.98,4.77,24.36,18.14,7.64
2020-06-05,24.02,4.7,21.46,20.7,21.25
2020-06-06,23.84,4.85,28.17,26.73,33.37
2020-06-07,23.66,4.85,21.69,21.45,30.04
2020-06-08,23.48,4.93,20.67,14.98,15.55
2020-06-09,23.24,5.19,28.83,12.99,15.38
2020-06-10,23.68,4.66,20.66,13.53,15.22
2020-06-11,23.04,4.51,11.55,11.55,15.12
2020-06-12,22.78,4.66,11.37,11.26,19.85
2020-06-13,22.83,4.91,10.12,10.12,19.9
2020-06-14,22.88,4.91,11.48,11.48,17.37
2020-06-15,22.93,5.02,18.65,18.65,13.3
2020-06-16,23.55,5.36,21.56,14.41,14.96
2020-06-17,23.52,5.33,29.99,15.28,16.04
2020-06-18,25.23,5.05,14.11,14.11,16.68
2020-06-19,24.92,5.15,15.6,15.6,14.66
2020-06-20,25.04,5.28,19.67,19.67,5.56
2020-06-21,25.16,5.28,24.67,24.67,36.01
2020-06-22,25.28,5.4,17.97,17.97,32.15
2020-06-23,26.15,5.3,20.83,13.54,14.68
2020-06-24,26.14,5.63,14.95,13.97,14.23
2020-06-25,25.92,5.66,16.66,16.66,17.58
2020-06-26,25.46,5.34,14.62,14.62,15.17
2020-06-27,26.09,4.76,15.44,14.76,7.88
2020-06-28,26.72,4.76,35.92,33.77,25.98
2020-06-29,27.35,4.89,23.05,21.64,54.34
2020-06-30,27.68,5.4,36.18,19.89,24.2
2020-07-01,28.42,5.81,19.13,15.79,16.31
2020-07-02,28.09,5.75,20.1,17.84,17.88
2020-07-03,28.64,5.38,20.05,20.05,9.41
2020-07-04,29.24,5.12,27.74,16.09,23.19
2020-07-05,29.83,5.12,95.23,45.57,39.18
2020-07-06,30.43,5.33,38.99,24.12,32.54
2020-07-07,30.12,5.44,16.48,10.5,7.49
2020-07-08,30.06,5.61,17.45,17.45,16.09
2020-07-09,29.37,5.49,21.75,18.9,13.71
2020-07-10,29.78,5.15,12.42,12.55,14.84
2020-07-11,29.9,4.61,13.73,11.03,17.51
2020-07-12,30.02,4.61,22.98,22.98,6.03
2020-07-13,30.14,4.72,24.76,24.51,12.64
2020-07-14,30.46,4.89,15.46,9.63,8.97
2020-07-15,29.7,4.32,28.65,19.79,26.0
2020-07-16,27.67,4.61,29.73,19.78,15.09
2020-07-17,28.76,4.54,16.18,16.12,14.66
2020-07-18,28.21,4.74,15.29,12.98,7.49
2020-07-19,27.65,4.74,20.96,20.96,17.47
2020-07-20,27.1,4.8,18.79,13.0,37.22
2020-07-21,27.51,4.61,20.28,12.19,18.38
2020-07-22,27.53,4.64,18.77,15.71,15.48
2020-07-23,28.23,4.59,17.33,16.44,16.22
2020-07-24,27.27,4.93,17.01,16.11,14.17
2020-07-25,26.82,4.71,14.35,11.0,16.76
2020-07-26,26.36,4.71,81.94,33.09,29.35
2020-07-27,25.91,4.81,14.7,15.93,17.6
2020-07-28,26.67,4.64,36.9,23.33,17.24
2020-07-29,27.13,4.54,17.0,15.23,16.71
2020-07-30,26.48,4.91,34.47,15.37,19.92
2020-07-31,27.22,4.97,24.91,21.39,36.4
2020-08-01,27.17,5.12,15.67,8.48,14.74
2020-08-02,27.13,5.12,14.57,14.57,14.13
2020-08-03,27.08,5.14,17.59,17.59,16.0
2020-08-04,27.75,5.81,26.01,16.46,13.91
2020-08-05,27.69,6.92,20.08,14.61,16.89
2020-08-06,27.3,6.82,27.36,17.95,12.56
2020-08-07,27.32,7.06,20.19,13.71,16.93
2020-08-08,27.41,7.25,17.18,13.81,17.91
2020-08-09,27.51,7.25,16.83,16.7,16.72
2020-08-10,27.6,7.32,19.96,14.9,14.4
2020-08-11,27.08,7.26,14.33,11.86,26.07
2020-08-12,26.87,6.88,23.61,17.41,22.3
2020-08-13,26.3,6.41,16.59,15.3,16.8
2020-08-14,26.36,6.53,21.51,13.34,20.96
2020-08-15,26.63,6.84,13.86,13.86,17.24
2020-08-16,26.9,6.84,20.55,20.55,17.4
2020-08-17,27.17,6.93,23.38,17.71,22.67
2020-08-18,27.41,7.53,26.75,22.06,22.51
2020-08-19,27.08,7.98,20.33,17.65,21.96
2020-08-20,26.75,8.21,29.5,25.98,32.0
2020-08-21,26.48,7.77,18.01,18.01,18.5
2020-08-22,27.09,6.58,30.82,19.39,24.51
2020-08-23,27.71,6.58,55.05,32.0,28.49
2020-08-24,28.32,6.8,69.44,28.96,33.84
2020-08-25,29.46,7.69,20.98,15.41,14.76
2020-08-26,29.48,8.17,36.14,33.92,40.24
2020-08-27,29.23,8.94,51.59,40.31,36.14
2020-08-28,30.38,8.8,19.17,20.1,26.24
2020-08-29,30.1,8.62,16.91,15.24,33.37
2020-08-30,29.81,8.62,13.9,13.9,16.07
2020-08-31,29.53,9.63,40.41,40.41,36.22
2020-09-01,28.61,9.71,30.35,30.35,34.93
2020-09-02,29.06,10.68,36.39,36.39,43.04
2020-09-03,29.53,10.55,23.68,23.09,28.85
2020-09-04,28.13,10.99,25.71,22.12,26.46
2020-09-05,28.02,11.39,31.54,16.8,33.12
2020-09-06,27.92,11.39,19.16,19.16,29.09
2020-09-07,27.81,11.54,34.52,34.52,24.99
2020-09-08,27.53,11.29,40.63,23.86,17.65
2020-09-09,27.94,10.75,19.76,12.56,24.27
2020-09-10,29.15,10.81,35.56,43.61,30.45
2020-09-11,28.99,10.58,32.66,32.66,59.11
2020-09-12,29.73,10.21,50.43,13.98,11.1
2020-09-13,30.46,10.21,109.72,20.47,32.53
2020-09-14,31.2,10.37,80.47,68.22,23.9
2020-09-15,30.53,10.51,139.3,125.86,111.25
2020-09-16,30.71,10.6,43.41,43.81,22.82
2020-09-17,29.13,11.14,43.18,29.72,38.57
2020-09-18,28.68,11.19,23.91,23.92,25.26
2020-09-19,28.14,10.87,20.33,15.77,23.33
2020-09-20,27.59,10.87,20.89,18.96,24.84
2020-09-21,27.05,10.96,159.06,147.6,139.09
2020-09-22,28.47,11.51,43.69,36.03,38.41
2020-09-23,27.12,11.32,21.2,21.85,36.4
2020-09-24,27.4,11.7,37.73,30.02,24.54
2020-09-25,26.75,11.67,29.28,31.08,39.61
2020-09-26,27.26,11.31,17.57,19.21,34.83
2020-09-27,27.77,11.31,23.8,23.8,29.88
2020-09-28,28.28,11.42,34.03,34.03,40.62
2020-09-29,27.36,12.14,76.07,76.07,77.96
2020-09-30,27.5,12.55,35.01,35.01,37.63
2020-10-01,27.07,11.77,25.3,25.3,123.06
2020-10-02,27.59,11.99,21.4,36.16,43.12
2020-10-03,27.56,11.58,46.17,30.29,38.01
2020-10-04,27.52,11.58,101.58,44.11,24.11
2020-10-05,27.49,11.81,41.02,41.02,91.62
2020-10-06,27.34,12.9,36.01,36.01,35.71
2020-10-07,27.44,12.81,32.96,32.96,106.15
2020-10-08,26.88,13.23,28.73,28.73,39.07
2020-10-09,26.24,13.59,51.58,32.9,31.29
2020-10-10,26.29,13.6,14.82,19.16,35.79
2020-10-11,26.35,13.6,21.31,21.31,82.22
2020-10-12,26.4,13.78,32.72,34.88,40.31
2020-10-13,25.74,13.59,39.03,38.42,34.64
2020-10-14,26.28,13.47,20.63,31.46,83.21
2020-10-15,25.48,13.66,19.01,25.37,2.73
2020-10-16,25.4,13.99,34.83,34.83,145.0
2020-10-17,25.43,14.42,14.43,14.87,42.65
2020-10-18,25.46,14.42,25.24,18.1,41.78
2020-10-19,25.49,14.5,36.72,36.72,36.69
2020-10-20,24.92,14.83,24.21,24.21,38.99
2020-10-21,24.06,14.8,26.05,26.05,23.97
2020-10-22,24.68,14.72,46.75,30.59,61.87
2020-10-23,25.98,15.18,28.71,25.55,40.09
2020-10-24,25.44,15.36,17.38,17.38,12.78
2020-10-25,24.89,15.36,40.34,30.73,
2020-10-26,24.35,15.55,28.11,28.11,
2020-10-27,24.55,15.08,21.69,19.48,36.28
2020-10-28,23.52,14.63,45.36,28.32,29.33
2020-10-29,24.15,14.48,38.33,39.22,45.15
2020-10-30,24.19,13.91,31.87,36.01,105.39
2020-10-31,24.18,13.53,12.22,12.58,54.49
2020-11-01,24.16,13.53,20.29,28.84,116.33
2020-11-02,24.15,13.72,44.19,43.06,57.65
2020-11-03,24.86,13.18,23.42,23.42,56.96
2020-11-04,25.57,13.57,23.24,20.46,27.27
2020-11-05,26.43,13.68,19.3,18.35,168.65
2020-11-06,25.85,14.32,20.31,20.31,46.07
2020-11-07,26.22,13.65,20.01,15.91,37.94
2020-11-08,26.6,13.65,15.31,14.52,37.07
2020-11-09,26.97,13.8,25.9,18.95,137.82
2020-11-10,26.64,13.74,29.72,22.18,19.19
2020-11-11,26.52,13.86,18.03,17.97,31.91
2020-11-12,26.32,14.11,18.03,18.03,41.44
2020-11-13,26.68,13.98,18.67,18.67,41.43
2020-11-14,27.05,13.88,9.95,9.92,36.37
2020-11-15,27.42,13.88,15.61,18.1,62.58
2020-11-16,27.79,14.01,48.12,47.2,65.78
2020-11-17,27.04,14.35,20.16,20.12,55.83
2020-11-18,27.59,13.81,19.46,19.46,63.95
2020-11-19,26.75,13.5,38.26,38.49,76.18
2020-11-20,27.15,13.08,20.79,20.79,38.8
2020-11-21,27.32,12.61,15.5,20.21,41.84
2020-11-22,27.5,12.61,21.04,17.6,47.07
2020-11-23,27.67,12.63,22.5,29.01,21.0
2020-11-24,28.04,13.45,19.63,18.93,54.25
2020-11-25,28.04,13.65,20.24,28.28,58.87
2020-11-26,28.54,14.21,54.34,29.12,276.06
2020-11-27,28.59,14.1,51.17,39.25,96.91
2020-11-28,28.93,14.6,8.37,8.37,37.88
2020-11-29,29.26,14.6,15.2,15.2,58.87
2020-11-30,29.6,14.62,38.36,38.36,26.28
2020-12-01,29.33,15.01,31.05,28.23,78.09
2020-12-02,30.01,15.21,62.04,62.04,49.21
2020-12-03,29.46,14.8,27.76,23.4,184.07
2020-12-04,30.57,14.35,23.96,37.88,31.48
2020-12-05,30.4,14.54,19.08,18.52,166.35
2020-12-06,30.24,14.54,21.28,21.28,311.98
2020-12-07,30.07,14.58,28.79,49.84,94.25
2020-12-08,30.02,14.24,36.96,46.47,84.14
2020-12-09,30.16,14.4,10.78,10.78,155.01
2020-12-10,31.36,14.7,60.55,60.24,55.75
2020-12-11,30.98,15.31,23.45,26.92,86.9
2020-12-12,31.08,15.52,18.71,18.71,54.7
2020-12-13,31.17,15.52,16.82,16.82,32.46
2020-12-14,31.27,15.55,20.41,30.32,47.21
2020-12-15,32.43,16.73,25.97,24.62,27.84
2020-12-16,32.03,16.92,27.19,24.91,61.2
2020-12-17,32.21,16.63,21.87,24.5,25.69
2020-12-18,31.36,15.99,22.12,23.79,34.18
2020-12-19,31.29,15.63,13.66,16.46,33.95
2020-12-20,31.21,15.63,13.2,19.28,38.12
2020-12-21,31.14,15.68,22.21,8.2,193.01
2020-12-22,31.39,16.45,42.07,48.99,150.0
2020-12-23,32.15,17.5,22.45,22.01,31.6
2020-12-24,32.41,17.22,33.81,46.64,90.64
2020-12-25,32.72,17.28,32.36,38.28,29.19
2020-12-26,33.04,17.15,13.72,18.9,86.02
2020-12-27,33.35,17.15,43.17,37.13,72.98
2020-12-28,33.66,17.28,49.21,40.85,72.51
2020-12-29,33.25,17.35,21.28,21.41,51.09
2020-12-30,32.42,18.91,21.99,24.5,109.7
2020-12-31,32.94,19.27,18.11,22.99,23.94
2021-01-01,33.18,19.21,15.88,15.88,80.78
2021-01-02,33.42,19.29,18.4,18.4,64.25
2021-01-03,33.65,19.29,16.45,19.82,42.36
2021-01-04,33.89,19.34,36.62,26.63,49.0
2021-01-05,33.15,19.9,26.42,30.42,70.0
2021-01-06,33.83,18.44,10.75,44.53,313.21
2021-01-07,34.97,17.93,39.82,49.65,227.0
2021-01-08,35.14,19.07,64.84,59.59,302.33
2021-01-09,35.01,20.45,22.89,6.39,122.47
2021-01-10,34.89,20.45,12.87,20.73,58.04
2021-01-11,34.76,20.46,27.85,42.7,40.46
2021-01-12,34.88,21.83,44.82,18.83,331.2
2021-01-13,33.88,25.3,25.3,40.03,298.35
2021-01-14,33.76,22.35,54.14,47.35,407.78
2021-01-15,31.96,20.77,51.16,51.16,72.17
2021-01-16,31.92,20.34,16.92,17.98,61.68
2021-01-17,31.88,20.34,22.05,25.05,45.83
2021-01-18,31.84,20.32,32.32,38.7,77.2
2021-01-19,33.3,19.4,20.41,33.76,36.48
2021-01-20,33.12,20.16,20.72,34.38,47.93
2021-01-21,34.32,20.77,37.21,55.6,75.34
2021-01-22,34.45,20.09,40.44,38.57,70.09
2021-01-23,34.1,21.07,20.04,20.04,80.7
2021-01-24,33.74,21.07,20.66,20.66,79.86
2021-01-25,33.39,21.16,37.47,37.47,95.4
2021-01-26,33.56,20.93,29.26,33.58,65.55
2021-01-27,33.51,19.62,24.75,28.63,88.68
2021-01-28,34.17,19.27,25.99,23.7,33.58
2021-01-29,33.18,20.62,21.27,29.89,37.86
2021-01-30,33.15,20.75,22.95,22.95,96.0
2021-01-31,33.11,20.75,18.56,17.98,40.82
2021-02-01,33.08,20.73,28.62,30.23,75.21
2021-02-02,35.19,18.41,36.05,39.61,31.4
2021-02-03,37.65,18.35,11.24,12.1,32.43
2021-02-04,37.49,17.62,27.2,28.01,38.47
2021-02-05,38.43,18.27,21.5,21.5,46.2
2021-02-06,38.57,18.83,13.03,13.78,40.78
2021-02-07,38.7,18.83,39.7,43.97,39.87
2021-02-08,38.84,19.03,58.05,50.65,46.63
2021-02-09,38.49,20.9,34.8,34.71,46.3
2021-02-10,39.56,19.77,51.12,51.12,249.0
2021-02-11,39.0,19.63,86.69,86.69,54.71
2021-02-12,40.28,18.01,33.04,35.08,59.74
2021-02-13,40.12,17.68,25.89,26.6,86.84
2021-02-14,39.97,17.68,20.7,20.7,78.43
2021-02-15,39.81,17.65,31.19,31.41,42.3
2021-02-16,39.13,16.86,26.63,26.56,83.71
2021-02-17,38.4,16.51,27.33,26.98,55.0
2021-02-18,38.61,16.86,24.12,24.38,45.16
2021-02-19,37.7,16.84,24.36,24.36,35.99
2021-02-20,37.89,16.69,24.55,22.17,40.0
2021-02-21,38.07,16.69,32.59,32.59,60.35
2021-02-22,38.26,16.72,29.31,21.77,30.3
2021-02-23,38.97,15.85,21.59,21.59,29.3
2021-02-24,39.45,16.0,37.59,41.55,114.1
2021-02-25,38.57,16.04,25.6,25.6,205.56
2021-02-26,37.6,16.1,20.61,20.61,49.06
2021-02-27,37.55,15.86,22.57,23.82,110.0
2021-02-28,37.5,15.86,33.25,33.58,64.61
2021-03-01,37.45,15.88,28.46,28.46,160.84
2021-03-02,38.69,16.31,35.97,33.23,390.92
2021-03-03,37.82,16.27,27.24,25.9,355.59
2021-03-04,38.51,15.95,22.32,22.32,114.96
2021-03-05,39.36,16.19,25.94,25.94,259.8
2021-03-06,39.4,16.54,21.97,21.97,141.31
2021-03-07,39.43,16.54,23.39,22.8,127.57
2021-03-08,39.47,16.57,49.56,49.56,301.01
2021-03-09,40.98,16.76,38.26,38.26,27.74
2021-03-10,41.87,17.04,20.9,20.9,22.65
2021-03-11,42.27,17.68,39.83,36.28,72.01
2021-03-12,43.19,17.95,57.93,44.65,56.23
2021-03-13,43.04,18.25,51.37,41.95,46.33
2021-03-14,42.88,18.25,57.3,53.39,45.41
2021-03-15,42.73,18.3,31.63,31.48,148.64
2021-03-16,41.96,18.62,29.63,29.63,73.0
2021-03-17,43.34,17.81,35.05,36.41,43.8
2021-03-18,42.74,17.95,37.56,37.99,26.48
2021-03-19,42.31,18.52,29.83,33.16,96.55
2021-03-20,42.6,17.67,27.11,27.11,48.3
2021-03-21,42.89,17.67,43.62,43.62,98.53
2021-03-22,43.18,17.74,39.46,39.46,54.36
2021-03-23,41.78,18.04,25.29,25.73,45.7
2021-03-24,41.96,18.22,40.05,37.1,48.92
2021-03-25,40.71,18.68,37.43,37.43,22.12
2021-03-26,42.09,18.62,34.28,29.05,42.13
2021-03-27,42.13,18.65,116.0,56.41,51.3
2021-03-28,42.16,18.65,98.33,80.36,52.94
2021-03-29,42.2,18.66,51.02,48.46,53.44
2021-03-30,42.4,18.33,37.23,37.23,40.34
2021-03-31,42.89,18.51,53.71,31.49,34.46
2021-04-01,42.81,19.06,30.15,28.09,34.19
2021-04-02,42.81,19.19,71.69,48.35,30.45
2021-04-03,42.81,19.15,49.48,50.2,37.94
2021-04-04,42.81,19.15,47.35,47.35,36.46
2021-04-05,42.81,19.19,80.6,59.98,95.77
2021-04-06,44.6,19.25,61.54,31.77,40.89
2021-04-07,44.23,20.03,39.92,81.53,60.47
2021-04-08,43.85,20.09,61.44,37.36,31.12
2021-04-09,44.03,19.76,38.37,26.78,81.99
2021-04-10,44.31,19.35,19.23,19.23,31.53
2021-04-11,44.58,19.35,25.95,25.95,29.65
2021-04-12,44.86,19.49,49.95,49.04,0.17
2021-04-13,44.24,20.12,46.74,96.89,226.36
2021-04-14,44.2,20.42,71.15,57.0,182.02
2021-04-15,44.55,20.35,60.99,58.29,51.96
2021-04-16,44.8,20.57,44.75,33.53,47.9
2021-04-17,44.78,21.03,29.12,27.75,38.14
2021-04-18,44.76,21.03,31.96,29.66,31.66
2021-04-19,44.74,21.07,61.09,49.83,59.62
2021-04-20,45.29,21.42,47.88,41.81,68.0
2021-04-21,46.32,21.25,44.64,22.6,30.34
2021-04-22,47.51,21.3,84.36,36.47,30.73
2021-04-23,47.38,21.7,42.29,39.27,34.13
2021-04-24,47.48,20.48,53.92,53.92,30.47
2021-04-25,47.57,20.48,74.82,74.82,31.54
2021-04-26,47.67,20.55,32.75,39.93,22.71
2021-04-27,47.78,20.56,35.08,35.0,31.64
2021-04-28,48.28,21.23,32.3,32.0,30.91
2021-04-29,48.51,21.89,33.04,33.04,124.0
2021-04-30,49.31,22.28,31.2,31.06,35.23
2021-05-01,49.51,22.42,23.16,23.16,41.97
2021-05-02,49.7,22.42,67.1,79.99,119.05
2021-05-03,49.9,23.23,37.21,37.21,46.51
2021-05-04,49.06,23.21,50.49,66.69,36.93
2021-05-05,49.91,24.0,104.9,41.1,61.77
2021-05-06,50.41,24.21,33.72,29.68,54.83
2021-05-07,50.93,25.21,41.49,41.49,116.0
2021-05-08,51.53,24.09,55.39,69.79,91.4
2021-05-09,52.12,24.09,126.93,123.82,112.12
2021-05-10,52.72,24.11,47.99,46.04,75.7
2021-05-11,53.55,25.14,36.7,36.7,58.41
2021-05-12,55.85,25.47,31.31,31.31,214.77
2021-05-13,55.04,26.46,31.96,31.96,164.77
2021-05-14,57.23,25.73,27.02,27.02,173.56
2021-05-15,57.14,26.97,30.6,49.8,52.83
2021-05-16,57.06,26.97,83.89,69.99,67.37
2021-05-17,56.97,26.98,48.75,65.21,48.4
2021-05-18,53.74,26.56,33.39,33.39,91.57
2021-05-19,50.35,25.77,39.74,34.93,90.98
2021-05-20,53.41,23.88,36.2,36.2,37.16
2021-05-21,52.43,24.23,73.39,59.14,83.83
2021-05-22,52.76,25.22,117.8,61.12,56.68
2021-05-23,53.08,25.22,105.34,99.9,60.0
2021-05-24,53.41,25.14,76.26,47.39,31.29
2021-05-25,53.83,24.69,43.71,46.86,39.35
2021-05-26,54.22,25.75,33.44,38.85,100.52
2021-05-27,52.39,26.72,33.74,38.53,47.0
2021-05-28,51.58,25.79,31.42,31.42,86.04
2021-05-29,51.8,25.9,57.01,57.01,65.76
2021-05-30,52.02,25.9,96.15,77.76,41.72
2021-05-31,52.24,24.89,32.06,45.93,38.87
2021-06-01,52.97,25.2,31.3,31.3,84.67
2021-06-02,51.94,26.19,29.51,29.51,49.28
2021-06-03,50.73,25.69,31.59,24.67,39.13
2021-06-04,50.47,25.92,26.9,26.9,37.74
2021-06-05,50.97,25.61,23.61,23.61,28.22
2021-06-06,51.47,25.61,32.49,40.77,32.42
2021-06-07,51.97,25.6,30.03,30.03,37.02
2021-06-08,52.58,26.41,34.26,31.88,33.76
2021-06-09,53.9,27.93,29.88,24.11,37.5
2021-06-10,54.15,28.37,31.99,26.9,38.6
2021-06-11,53.07,28.37,31.36,25.93,34.8
2021-06-12,53.14,28.15,84.06,82.42,32.69
2021-06-13,53.22,28.15,123.75,119.68,26.24
2021-06-14,53.29,28.18,51.48,47.3,32.29
2021-06-15,51.76,29.23,28.78,28.78,30.48
2021-06-16,51.72,28.4,44.27,40.84,40.0
2021-06-17,51.28,28.38,53.88,36.33,49.51
2021-06-18,52.26,28.38,34.83,34.83,92.87
2021-06-19,52.43,29.0,43.38,31.65,48.91
2021-06-20,52.61,29.0,64.41,64.41,30.0
2021-06-21,52.78,29.07,33.38,33.38,34.46
2021-06-22,53.76,30.12,31.16,32.21,57.56
2021-06-23,55.03,30.58,60.05,33.64,89.45
2021-06-24,55.49,31.53,46.5,50.88,51.93
2021-06-25,55.48,31.98,30.07,22.91,31.54
2021-06-26,55.62,32.14,31.08,26.79,31.62
2021-06-27,55.76,32.14,73.27,80.09,30.79
2021-06-28,55.9,32.22,47.56,47.56,38.87
2021-06-29,56.04,32.23,37.58,30.59,52.15
2021-06-30,56.78,33.51,33.97,25.9,74.43
2021-07-01,58.06,34.86,27.26,26.95,117.46
2021-07-02,57.76,36.75,40.32,27.82,30.34
2021-07-03,57.93,36.15,42.43,37.24,42.12
2021-07-04,58.11,36.15,35.85,46.47,44.73
2021-07-05,58.28,36.45,34.15,34.15,59.58
2021-07-06,54.44,37.89,45.46,61.86,41.95
2021-07-07,53.03,35.78,37.11,38.48,36.1
2021-07-08,52.77,34.47,47.2,29.32,93.07
2021-07-09,54.67,32.97,32.82,32.48,64.13
2021-07-10,53.82,36.0,34.24,29.8,51.67
2021-07-11,52.97,36.0,39.63,39.63,38.4
2021-07-12,52.12,36.1,34.02,34.02,22.49
2021-07-13,53.26,35.59,32.93,32.93,79.65
2021-07-14,53.78,35.28,38.44,77.86,118.17
2021-07-15,53.37,34.77,18.58,92.95,126.6
2021-07-16,53.28,34.25,30.06,41.76,87.93
2021-07-17,53.12,34.97,64.14,69.67,17.53
2021-07-18,52.97,34.97,99.19,99.19,93.0
2021-07-19,52.81,35.02,40.65,39.42,166.16
2021-07-20,51.59,36.25,37.47,33.98,169.3
2021-07-21,52.51,35.06,37.66,32.15,129.54
2021-07-22,51.16,36.08,31.13,31.13,118.28
2021-07-23,51.26,36.17,31.81,32.6,120.73
2021-07-24,52.03,35.6,27.11,27.11,83.45
2021-07-25,52.8,35.6,45.12,45.12,65.75
2021-07-26,53.57,35.62,32.93,54.04,82.0
2021-07-27,53.28,36.82,33.94,33.87,80.12
2021-07-28,54.2,37.6,40.76,75.43,65.3
2021-07-29,54.41,39.13,104.84,66.92,80.38
2021-07-30,53.69,40.59,75.9,72.52,62.57
2021-07-31,54.06,39.79,90.97,69.64,34.51
2021-08-01,54.42,39.79,31.06,62.61,42.88
2021-08-02,54.79,39.91,53.32,44.94,85.52
2021-08-03,54.55,42.24,54.99,48.6,47.13
2021-08-04,55.82,41.73,46.39,74.9,26.38
2021-08-05,56.34,41.74,37.29,51.02,66.37
2021-08-06,57.02,41.71,32.01,74.34,44.04
2021-08-07,57.01,43.1,26.56,68.92,40.03
2021-08-08,56.99,43.1,131.08,131.08,93.61
2021-08-09,56.98,43.18,56.76,68.48,46.46
2021-08-10,57.77,42.69,63.1,97.32,62.67
2021-08-11,58.14,44.4,59.73,45.14,47.02
2021-08-12,56.63,45.05,53.06,38.06,39.15
2021-08-13,55.74,45.83,45.62,45.53,48.92
2021-08-14,56.67,44.57,88.56,71.65,54.71
2021-08-15,57.59,44.57,82.45,75.11,34.83
2021-08-16,58.52,44.67,40.35,101.41,50.84
2021-08-17,57.56,47.13,59.02,69.23,32.58
2021-08-18,57.45,47.29,35.27,54.35,47.81
2021-08-19,53.84,46.86,41.48,49.6,78.69
2021-08-20,54.72,42.05,41.54,41.33,47.33
2021-08-21,55.04,41.53,35.58,35.58,38.76
2021-08-22,55.35,41.53,31.21,38.41,49.78
2021-08-23,55.67,41.4,42.42,82.47,73.22
2021-08-24,56.97,42.1,43.6,89.05,64.76
2021-08-25,56.87,44.2,32.66,68.77,62.0
2021-08-26,57.19,45.25,54.7,54.7,73.44
2021-08-27,59.32,45.11,39.1,39.1,63.0
2021-08-28,59.91,45.32,33.1,64.97,50.0
2021-08-29,60.49,45.32,27.83,65.92,46.67
2021-08-30,61.08,47.03,60.12,62.6,45.36
2021-08-31,61.07,46.91,49.93,65.53,36.33
2021-09-01,60.42,49.17,50.93,98.69,53.89
2021-09-02,61.83,51.68,60.54,119.73,68.52
2021-09-03,61.63,51.28,55.54,55.09,125.39
2021-09-04,61.96,51.92,58.39,58.39,59.8
2021-09-05,62.28,51.92,79.01,79.01,74.03
2021-09-06,62.61,51.68,87.42,48.14,246.0
2021-09-07,62.28,52.75,72.02,45.47,232.37
2021-09-08,62.74,53.2,62.77,52.32,75.07
2021-09-09,63.04,54.46,64.17,47.55,202.12
2021-09-10,61.22,55.84,50.6,47.64,58.25
2021-09-11,61.27,56.99,49.01,46.91,74.84
2021-09-12,61.32,56.99,84.49,89.69,137.2
2021-09-13,61.37,57.38,83.98,55.4,237.53
2021-09-14,60.16,60.81,70.93,60.17,147.8
2021-09-15,60.18,65.63,69.01,69.01,129.15
2021-09-16,59.63,71.91,82.62,82.62,100.53
2021-09-17,59.82,65.39,70.28,65.78,119.93
2021-09-18,60.22,63.77,74.81,53.97,80.26
2021-09-19,60.62,63.77,96.47,96.47,114.69
2021-09-20,61.02,63.74,94.77,82.74,163.1
2021-09-21,60.5,71.49,75.06,75.06,151.29
2021-09-22,60.94,72.66,119.21,101.97,85.1
2021-09-23,60.89,70.75,97.78,114.69,120.42
2021-09-24,63.29,68.63,119.13,90.26,115.84
2021-09-25,63.77,68.05,113.92,73.21,95.51
2021-09-26,64.24,68.05,95.2,95.2,103.84
2021-09-27,64.72,68.3,90.84,90.84,94.73
2021-09-28,62.29,74.68,103.87,97.0,104.04
2021-09-29,63.28,81.75,116.78,116.78,121.08
2021-09-30,62.16,81.07,141.56,131.34,65.0
2021-10-01,62.45,88.91,144.9,142.73,189.89
2021-10-02,62.91,91.91,62.65,62.65,116.25
2021-10-03,63.36,91.91,149.17,95.73,144.91
2021-10-04,63.82,93.01,154.69,154.69,277.39
2021-10-05,65.16,91.64,134.47,134.47,125.63
2021-10-06,59.58,109.35,187.62,187.62,132.54
2021-10-07,60.81,115.07,162.9,156.24,149.81
2021-10-08,58.76,94.87,131.34,131.34,122.84
2021-10-09,59.03,84.94,168.78,125.55,101.63
2021-10-10,59.31,84.94,171.35,171.35,143.01
2021-10-11,59.58,85.2,146.34,146.34,156.82
2021-10-12,59.34,85.23,151.28,138.59,250.43
2021-10-13,59.45,85.46,121.89,121.89,119.46
2021-10-14,61.79,90.27,150.0,132.01,124.95
2021-10-15,59.79,98.55,192.73,145.97,197.11
2021-10-16,59.5,94.93,169.14,107.56,97.3
2021-10-17,59.21,94.93,136.9,118.29,132.24
2021-10-18,58.92,95.01,159.53,147.21,106.0
2021-10-19,54.92,92.82,143.56,143.7,88.2
2021-10-20,58.14,87.35,132.08,217.19,182.7
2021-10-21,58.37,89.75,99.31,243.09,210.0
2021-10-22,58.64,88.01,96.69,125.18,241.48
2021-10-23,58.88,87.36,150.95,96.4,92.41
2021-10-24,59.11,87.36,131.18,174.45,130.72
2021-10-25,59.35,87.61,158.02,151.31,103.69
2021-10-26,60.16,90.12,130.99,84.85,156.38
2021-10-27,60.27,88.5,153.2,121.97,173.41
2021-10-28,58.94,85.56,131.38,100.13,113.8
2021-10-29,59.08,78.44,129.95,141.72,116.34
2021-10-30,58.48,66.89,50.62,96.42,76.0
2021-10-31,57.89,66.89,23.01,93.0,
2021-11-01,57.29,64.14,104.69,122.66,156.36
2021-11-02,59.79,68.19,123.78,123.78,256.26
2021-11-03,60.15,67.03,100.06,100.06,86.41
2021-11-04,60.18,73.94,70.71,70.71,140.33
2021-11-05,59.73,75.89,93.03,65.76,160.23
2021-11-06,60.14,72.84,29.68,66.96,39.62
2021-11-07,60.55,72.84,80.88,112.86,172.55
2021-11-08,60.96,72.26,161.15,108.69,74.64
2021-11-09,60.75,76.96,103.59,93.67,108.18
2021-11-10,63.48,75.87,146.86,102.24,198.99
2021-11-11,64.02,66.62,92.54,78.55,53.7
2021-11-12,63.58,71.34,61.77,71.31,150.1
2021-11-13,64.46,74.71,68.8,68.8,131.28
2021-11-14,65.34,74.71,50.09,48.21,151.61
2021-11-15,66.22,74.54,115.36,115.36,242.96
2021-11-16,67.83,78.67,122.23,119.81,120.78
2021-11-17,67.45,88.52,82.23,85.7,96.5
2021-11-18,69.38,98.23,156.04,101.98,106.06
2021-11-19,69.65,92.82,106.45,96.33,88.5
2021-11-20,69.84,87.49,87.12,87.6,75.6
2021-11-21,70.03,87.49,121.13,49.84,109.4
2021-11-22,70.22,88.29,162.38,130.05,211.02
2021-11-23,69.49,82.94,147.63,129.17,175.0
2021-11-24,73.23,89.78,173.36,155.39,84.01
2021-11-25,74.79,92.17,158.59,163.76,156.0
2021-11-26,73.12,93.05,140.19,126.09,97.7
2021-11-27,73.59,90.36,74.14,61.31,148.25
2021-11-28,74.07,90.36,49.66,49.66,117.7
2021-11-29,74.54,90.0,194.49,195.4,232.59
2021-11-30,75.73,93.46,122.55,109.93,105.1
2021-12-01,77.2,96.23,28.96,229.59,119.44
2021-12-02,80.25,94.31,206.18,146.28,183.06
2021-12-03,78.64,92.54,145.02,89.5,81.07
2021-12-04,79.64,91.81,78.53,55.76,88.92
2021-12-05,80.65,91.81,129.03,117.9,128.74
2021-12-06,81.65,91.85,197.42,191.74,61.41
2021-12-07,85.34,89.55,184.54,142.27,130.37
2021-12-08,89.41,95.61,161.88,98.4,55.26
2021-12-09,80.88,101.46,175.69,151.24,101.93
2021-12-10,84.37,99.83,152.72,151.95,91.39
2021-12-11,83.82,103.62,93.38,93.34,76.04
2021-12-12,83.27,103.62,94.47,63.0,66.16
2021-12-13,82.72,103.68,195.38,137.23,102.3
2021-12-14,80.12,116.5,219.7,121.85,96.55
2021-12-15,81.19,120.57,153.31,155.53,136.0
2021-12-16,85.71,126.99,208.65,165.02,111.75
2021-12-17,74.02,133.68,40.39,40.39,88.81
2021-12-18,76.04,135.86,97.43,140.21,94.76
2021-12-19,78.07,135.86,242.22,96.26,90.51
2021-12-20,80.09,135.5,299.52,175.15,139.67
2021-12-21,80.94,144.61,222.46,218.68,96.16
2021-12-22,76.83,173.88,203.04,243.97,139.0
2021-12-23,74.46,173.86,194.55,145.64,197.6
2021-12-24,76.31,136.76,118.85,114.84,161.63
2021-12-25,76.51,132.71,104.76,129.44,153.43
2021-12-26,76.72,132.71,76.15,76.15,114.1
2021-12-27,76.92,109.18,128.32,130.36,166.94
2021-12-28,79.29,109.18,106.74,128.69,138.35
2021-12-29,80.36,109.18,114.88,114.88,108.23
2021-12-30,80.16,95.2,82.01,109.69,225.97
2021-12-31,80.65,86.17,41.74,104.47,89.8
2022-01-01,81.77,83.69,112.3,112.3,147.6
2022-01-02,82.89,83.69,40.53,40.53,112.1
2022-01-03,84.01,67.84,123.98,180.3,277.69
2022-01-04,84.91,67.77,79.93,77.64,164.7
2022-01-05,87.58,88.85,54.18,140.6,119.0
2022-01-06,86.74,92.62,129.24,87.34,148.64
2022-01-07,85.42,93.48,87.77,94.44,114.23
2022-01-08,83.64,93.35,76.7,76.7,90.57
2022-01-09,81.87,93.35,115.84,121.81,147.92
2022-01-10,80.09,91.82,136.96,136.96,90.0
2022-01-11,81.3,89.05,109.02,107.02,77.02
2022-01-12,80.01,81.96,121.77,121.77,115.3
2022-01-13,80.56,78.92,88.83,74.7,114.28
2022-01-14,82.08,74.31,109.71,100.07,93.2
2022-01-15,81.58,89.74,67.03,67.03,77.06
2022-01-16,81.08,89.74,19.28,73.46,109.41
2022-01-17,80.58,90.17,153.79,87.66,57.5
2022-01-18,82.67,78.74,114.31,100.41,68.94
2022-01-19,82.09,77.32,101.64,96.66,69.0
2022-01-20,85.59,73.61,107.2,113.44,95.38
2022-01-21,84.47,73.64,112.23,81.45,78.0
2022-01-22,84.32,78.94,91.25,55.28,69.21
2022-01-23,84.17,78.94,58.48,59.82,42.32
2022-01-24,84.02,78.28,122.56,122.56,133.26
2022-01-25,87.45,88.24,203.61,202.82,104.0
2022-01-26,88.66,92.16,103.55,136.91,129.95
2022-01-27,89.76,91.32,34.76,132.2,112.0
2022-01-28,89.22,92.01,97.36,112.87,93.35
2022-01-29,89.23,92.02,52.7,82.19,212.19
2022-01-30,89.23,92.02,160.65,54.36,67.34
2022-01-31,89.24,93.03,151.92,151.79,190.11
2022-02-01,89.52,86.34,80.71,87.18,136.02
2022-02-02,94.21,76.19,140.1,73.81,85.0
2022-02-03,94.81,77.19,69.41,87.19,73.8
2022-02-04,96.45,77.77,98.75,71.78,103.0
2022-02-05,96.53,81.6,85.16,56.03,84.16
2022-02-06,96.62,81.6,90.11,90.07,164.49
2022-02-07,96.7,81.76,147.89,106.23,229.37
2022-02-08,96.93,78.08,90.15,79.12,105.41
2022-02-09,90.79,78.98,135.27,73.84,86.44
2022-02-10,90.78,75.16,68.09,70.56,102.35
2022-02-11,92.87,73.47,115.0,80.39,61.99
2022-02-12,92.5,74.38,107.77,64.76,109.4
2022-02-13,92.13,74.38,89.03,111.92,76.24
2022-02-14,91.76,74.51,104.25,123.2,117.87
2022-02-15,91.14,81.15,137.76,84.94,170.0
2022-02-16,89.86,72.17,91.23,91.98,55.0
2022-02-17,86.44,69.03,109.25,178.46,180.7
2022-02-18,89.47,73.16,126.71,72.76,118.84
2022-02-19,89.54,71.86,122.49,109.18,83.0
2022-02-20,89.61,71.86,55.69,92.61,164.47
2022-02-21,89.68,71.98,108.63,158.3,194.02
2022-02-22,89.77,72.4,131.69,71.9,88.89
2022-02-23,95.07,78.93,157.9,74.94,152.15
2022-02-24,87.03,85.21,75.48,84.41,139.46
2022-02-25,88.14,118.15,104.4,141.1,181.49
2022-02-26,86.16,97.01,142.68,123.66,213.3
2022-02-27,84.19,97.01,164.08,168.16,170.74
2022-02-28,82.21,94.79,164.6,126.57,144.0
2022-03-01,68.85,101.57,143.58,141.25,124.29
2022-03-02,68.49,111.84,150.01,152.45,86.22
2022-03-03,67.35,163.95,143.96,108.85,255.07
2022-03-04,65.1,161.93,106.0,106.0,256.87
2022-03-05,62.83,188.62,148.95,143.77,169.45
2022-03-06,60.57,188.62,207.99,177.47,226.02
2022-03-07,58.3,190.41,210.09,173.79,271.88
2022-03-08,68.51,257.12,405.23,281.6,248.31
2022-03-09,73.18,210.99,299.89,248.26,280.54
2022-03-10,76.41,174.02,262.39,142.62,112.49
2022-03-11,76.76,140.52,169.98,166.73,250.92
2022-03-12,77.27,124.71,254.35,128.15,164.42
2022-03-13,77.77,124.71,225.66,166.43,142.07
2022-03-14,78.28,127.66,217.08,200.06,205.0
2022-03-15,77.43,115.73,125.53,127.51,170.69
2022-03-16,78.16,119.16,120.91,79.2,147.04
2022-03-17,79.89,105.14,150.29,124.74,158.34
2022-03-18,78.89,106.34,90.13,85.74,92.44
2022-03-19,78.72,102.52,183.96,191.32,165.0
2022-03-20,78.56,102.52,141.99,76.96,117.28
2022-03-21,78.39,102.51,194.64,121.13,159.0
2022-03-22,80.67,97.11,167.34,156.25,114.28
2022-03-23,76.6,96.17,193.07,177.34,142.16
2022-03-24,78.24,106.09,189.17,158.19,138.73
2022-03-25,78.6,118.94,170.15,107.85,163.99
2022-03-26,79.34,105.65,211.86,95.63,117.36
2022-03-27,80.07,105.65,203.71,191.01,108.82
2022-03-28,80.81,103.65,173.63,179.31,141.77
2022-03-29,81.7,101.6,108.87,109.09,182.66
2022-03-30,78.31,111.35,117.83,182.84,144.0
2022-03-31,76.48,118.19,142.3,180.17,150.38
2022-04-01,78.49,117.86,113.99,221.05,128.73
2022-04-02,78.49,119.64,138.55,86.79,112.69
2022-04-03,78.5,119.64,114.72,217.16,33.17
2022-04-04,78.5,117.39,51.44,,143.73
2022-04-05,78.05,110.29,208.5,184.65,105.74
2022-04-06,77.18,108.47,106.45,143.15,124.98
2022-04-07,79.94,108.5,53.59,140.85,286.94
2022-04-08,80.09,104.83,185.92,130.59,96.37
2022-04-09,79.38,106.95,107.49,25.82,106.38
2022-04-10,78.66,106.95,252.09,244.25,48.35
2022-04-11,77.95,106.58,117.22,117.22,93.61
2022-04-12,79.01,102.22,135.08,85.78,120.83
2022-04-13,77.44,103.33,110.52,105.63,154.63
2022-04-14,79.97,103.93,84.06,84.06,92.9
2022-04-15,80.02,99.5,84.88,84.88,70.84
2022-04-16,80.06,103.5,172.03,165.49,20.54
2022-04-17,80.11,103.5,191.54,191.54,112.25
2022-04-18,80.15,99.5,205.73,205.73,121.0
2022-04-19,80.2,100.22,105.43,105.43,135.74
2022-04-20,87.82,92.4,91.1,74.06,140.0
2022-04-21,86.44,96.51,77.33,77.33,91.3
2022-04-22,88.99,95.9,68.01,68.01,91.0
2022-04-23,87.15,97.03,171.35,89.49,113.3
2022-04-24,85.3,97.03,190.75,122.95,84.0
2022-04-25,83.46,97.93,88.69,88.69,85.55
2022-04-26,82.71,96.58,75.73,79.5,99.29
2022-04-27,81.01,91.93,76.94,76.94,122.31
2022-04-28,82.68,108.64,88.61,88.61,121.29
2022-04-29,84.45,102.89,88.7,88.7,134.68
2022-04-30,83.98,97.03,92.95,94.2,28.66
2022-05-01,83.51,97.03,116.04,116.04,82.63
2022-05-02,83.04,98.89,80.36,80.36,51.93
2022-05-03,88.19,99.18,75.34,75.34,148.0
2022-05-04,88.31,97.99,96.9,96.9,116.0
2022-05-05,88.91,102.66,70.16,70.16,111.02
2022-05-06,91.54,102.02,75.68,75.68,97.64
2022-05-07,90.03,96.34,72.4,72.4,107.33
2022-05-08,88.53,96.34,160.49,145.73,97.62
2022-05-09,87.02,95.96,65.12,65.12,77.98
2022-05-10,87.34,88.02,161.3,67.97,85.73
2022-05-11,88.83,83.43,218.19,64.56,113.26
2022-05-12,88.26,85.5,159.47,75.73,66.31
2022-05-13,88.48,96.29,205.43,68.0,104.3
2022-05-14,88.84,90.66,235.59,105.28,125.35
2022-05-15,89.2,90.66,210.42,206.03,46.43
2022-05-16,89.56,91.67,93.98,116.35,63.51
2022-05-17,91.72,91.53,110.24,98.2,139.35
2022-05-18,84.64,92.35,110.28,101.44,75.26
2022-05-19,83.18,94.59,97.2,88.31,90.91
2022-05-20,80.39,90.1,75.32,75.32,123.86
2022-05-21,79.64,85.87,228.2,68.78,62.4
2022-05-22,78.9,85.87,126.5,126.5,90.7
2022-05-23,78.15,87.36,74.95,74.95,115.17
2022-05-24,81.32,79.01,128.52,74.96,72.79
2022-05-25,81.4,80.19,87.89,69.11,94.87
2022-05-26,84.76,80.08,172.49,48.35,66.26
2022-05-27,84.2,80.94,88.57,53.2,49.84
2022-05-28,84.12,80.48,183.85,50.85,68.96
2022-05-29,84.05,80.48,105.0,105.0,68.75
2022-05-30,83.97,81.49,93.72,93.72,153.47
2022-05-31,84.02,86.91,76.59,72.59,45.99
2022-06-01,86.08,90.32,82.56,82.56,117.11
2022-06-02,86.34,81.3,88.57,69.54,73.2
2022-06-03,86.87,81.3,74.77,80.61,86.54
2022-06-04,85.06,86.04,114.38,53.64,73.04
2022-06-05,83.24,86.04,79.08,47.96,42.31
2022-06-06,81.43,82.48,215.56,65.48,59.19
2022-06-07,81.31,79.19,74.4,74.4,126.86
2022-06-08,79.81,77.62,52.77,52.05,71.58
2022-06-09,81.01,77.01,57.11,56.55,52.27
2022-06-10,81.86,83.93,68.85,49.92,119.27
2022-06-11,81.75,80.78,206.83,37.59,1.5
2022-06-12,81.65,80.78,210.9,150.35,151.74
2022-06-13,81.54,81.8,140.74,72.08,64.69
2022-06-14,84.15,81.72,143.94,71.39,101.9
2022-06-15,86.2,93.2,138.87,89.66,82.0
2022-06-16,83.0,103.02,171.91,100.03,82.54
2022-06-17,82.37,133.23,181.27,118.84,109.1
2022-06-18,82.91,118.68,253.81,65.86,56.9
2022-06-19,83.46,118.68,246.84,199.48,89.22
2022-06-20,84.0,121.49,286.8,215.99,129.3
2022-06-21,84.73,121.35,247.23,166.89,131.72
2022-06-22,81.88,122.84,246.58,216.12,153.19
2022-06-23,84.13,127.0,201.14,137.09,133.0
2022-06-24,83.43,130.12,141.53,104.51,114.69
2022-06-25,83.97,125.46,163.11,72.46,66.3
2022-06-26,84.51,125.46,13.03,140.41,55.18
2022-06-27,85.05,127.97,192.59,112.15,154.3
2022-06-28,87.4,130.31,218.47,127.74,81.17
2022-06-29,88.35,128.82,148.95,88.57,143.78
2022-06-30,90.16,139.49,210.03,112.65,81.74
2022-07-01,85.58,146.65,138.87,119.54,141.0
2022-07-02,85.24,145.11,273.68,152.26,61.75
2022-07-03,84.89,145.11,282.63,224.65,76.48
2022-07-04,84.55,145.24,227.53,130.82,72.33
2022-07-05,83.19,159.32,167.34,149.84,48.0
2022-07-06,83.22,170.17,224.25,141.21,123.6
2022-07-07,84.92,162.93,109.84,130.1,145.14
2022-07-08,82.79,182.95,244.03,181.18,167.52
2022-07-09,83.31,176.45,88.92,122.52,108.29
2022-07-10,83.84,176.45,377.32,259.49,153.64
2022-07-11,84.36,177.29,164.7,164.91,206.48
2022-07-12,85.65,170.32,246.62,123.62,125.71
2022-07-13,83.86,172.88,264.59,169.96,145.83
2022-07-14,83.97,182.25,196.83,149.76,129.66
2022-07-15,85.38,177.39,243.99,124.91,77.86
2022-07-16,85.23,158.97,357.65,163.01,95.87
2022-07-17,85.09,158.97,394.93,356.2,118.79
2022-07-18,84.94,163.11,407.97,198.65,252.94
2022-07-19,83.65,158.17,258.53,296.79,7.92
2022-07-20,78.84,156.93,297.54,505.88,87.0
2022-07-21,78.11,154.52,207.51,343.93,182.48
2022-07-22,76.3,151.26,220.56,322.13,155.47
2022-07-23,76.32,159.46,221.64,191.13,75.75
2022-07-24,76.35,159.46,384.38,262.17,152.08
2022-07-25,76.37,160.74,188.08,152.58,145.51
2022-07-26,76.68,174.26,267.92,168.36,106.34
2022-07-27,76.14,197.11,211.92,255.57,85.54
2022-07-28,78.96,209.61,189.36,212.05,96.7
2022-07-29,78.55,203.63,147.47,170.47,123.53
2022-07-30,79.23,194.25,230.93,160.95,54.17
2022-07-31,79.9,194.25,256.93,275.19,138.73
2022-08-01,80.58,193.15,154.04,157.12,92.41
2022-08-02,81.95,198.88,314.78,127.21,112.7
2022-08-03,83.99,204.72,384.37,233.28,60.98
2022-08-04,84.19,201.74,229.72,171.64,136.86
2022-08-05,84.76,195.95,184.86,145.39,165.32
2022-08-06,84.44,194.64,280.79,244.19,99.53
2022-08-07,84.13,194.64,352.25,345.42,94.09
2022-08-08,83.81,194.83,203.24,191.81,141.54
2022-08-09,85.93,193.08,210.86,196.49,121.01
2022-08-10,85.92,188.85,201.73,180.92,150.6
2022-08-11,87.55,202.3,272.04,224.23,149.01
2022-08-12,88.87,211.78,236.95,185.41,144.56
2022-08-13,89.51,204.14,312.59,170.54,35.08
2022-08-14,90.14,204.14,388.58,200.5,60.96
2022-08-15,90.78,204.58,175.63,175.63,89.49
2022-08-16,92.08,213.13,254.83,209.4,136.88
2022-08-17,95.8,228.8,254.84,227.77,17.86
2022-08-18,96.04,230.21,145.64,156.05,139.39
2022-08-19,98.01,232.84,153.42,151.96,111.75
2022-08-20,96.06,241.59,213.2,196.41,223.68
2022-08-21,94.12,241.59,546.43,399.92,115.84
2022-08-22,92.17,243.17,162.07,162.41,86.28
2022-08-23,89.29,281.91,276.49,236.78,167.21
2022-08-24,89.24,268.53,333.88,233.78,160.63
2022-08-25,89.31,289.01,264.2,176.53,117.88
2022-08-26,90.31,313.19,233.78,233.78,161.31
2022-08-27,89.09,293.1,242.89,191.85,146.1
2022-08-28,87.88,293.1,687.46,330.75,92.0
2022-08-29,86.66,316.33,329.43,331.06,115.0
2022-08-30,80.81,318.88,281.57,235.05,184.23
2022-08-31,80.03,259.18,253.02,178.31,113.67
2022-09-01,80.79,240.14,238.35,224.59,133.82
2022-09-02,77.89,231.28,335.75,220.09,167.57
2022-09-03,76.74,189.02,478.99,265.29,80.48
2022-09-04,75.6,189.02,22.67,198.35,110.06
2022-09-05,74.45,189.24,419.06,306.85,241.48
2022-09-06,69.88,240.22,378.8,222.19,196.04
2022-09-07,69.03,201.76,243.1,203.33,76.35
2022-09-08,67.24,215.95,144.77,158.06,32.41
2022-09-09,66.08,197.74,238.86,240.67,94.5
2022-09-10,67.99,192.04,142.87,142.87,55.56
2022-09-11,69.91,192.04,265.4,265.4,104.0
2022-09-12,71.82,192.34,210.73,170.56,187.63
2022-09-13,69.75,186.92,195.8,188.16,111.0
2022-09-14,72.54,188.8,235.87,218.8,137.0
2022-09-15,71.85,208.36,228.11,198.23,139.38
2022-09-16,73.27,212.49,325.74,257.79,146.73
2022-09-17,72.55,163.7,142.33,130.02,109.72
2022-09-18,71.82,163.7,194.66,284.09,115.76
2022-09-19,71.1,175.66,331.49,255.36,110.35
2022-09-20,71.14,164.82,273.83,320.51,146.55
2022-09-21,69.79,168.41,276.14,274.37,141.43
2022-09-22,70.44,188.77,324.16,245.68,137.58
2022-09-23,65.77,174.87,177.72,184.89,153.74
2022-09-24,67.29,164.11,129.47,142.49,73.64
2022-09-25,68.81,164.11,200.69,207.13,71.41
2022-09-26,70.33,165.45,264.76,271.87,268.66
2022-09-27,67.96,164.54,292.21,528.7,147.23
2022-09-28,65.15,184.57,308.62,273.51,128.94
2022-09-29,65.73,198.73,269.01,359.21,143.29
2022-09-30,66.73,184.64,216.5,237.49,149.0
2022-10-01,66.47,164.06,129.61,153.9,180.16
2022-10-02,66.2,164.06,255.35,337.18,159.0
2022-10-03,65.94,163.5,383.19,295.15,141.85
2022-10-04,66.92,140.64,328.29,383.11,236.0
2022-10-05,67.07,108.65,183.37,165.88,128.04
2022-10-06,68.96,84.55,351.54,225.74,166.62
2022-10-07,69.85,115.32,225.45,235.61,234.06
2022-10-08,68.82,100.02,225.61,196.27,145.85
2022-10-09,67.8,100.02,207.14,209.66,246.83
2022-10-10,66.77,118.37,195.53,187.28,244.78
2022-10-11,66.34,103.61,281.4,267.91,116.42
2022-10-12,66.71,102.77,281.13,284.89,164.58
2022-10-13,68.84,102.43,149.57,152.12,114.78
2022-10-14,68.02,94.33,201.03,201.03,127.17
2022-10-15,67.85,64.51,76.95,87.35,121.36
2022-10-16,67.68,64.51,210.38,139.06,199.5
2022-10-17,67.51,71.12,154.73,115.43,222.43
2022-10-18,67.77,61.05,127.79,146.87,130.39
2022-10-19,67.29,63.79,126.32,111.43,94.17
2022-10-20,66.87,65.76,123.84,129.21,91.41
2022-10-21,68.72,63.66,83.61,118.68,60.74
2022-10-22,69.92,46.96,68.38,84.16,107.4
2022-10-23,71.12,46.96,39.32,62.69,166.29
2022-10-24,72.32,47.97,97.02,92.25,86.13
2022-10-25,77.11,28.25,107.61,100.52,47.88
2022-10-26,75.79,36.66,73.87,79.49,88.12
2022-10-27,80.21,47.77,81.24,82.32,45.86
2022-10-28,81.21,32.38,45.9,41.65,51.69
2022-10-29,80.8,28.31,58.45,52.51,18.33
2022-10-30,80.38,28.31,72.57,72.57,
2022-10-31,79.97,31.1,59.56,53.4,92.36
2022-11-01,76.72,36.15,87.04,53.66,57.74
2022-11-02,76.7,28.19,108.99,88.49,54.62
2022-11-03,76.28,41.35,69.16,55.67,53.77
2022-11-04,76.36,75.82,126.09,93.02,106.85
2022-11-05,76.74,56.72,54.97,54.88,56.11
2022-11-06,77.11,56.72,61.35,63.51,71.17
2022-11-07,77.49,61.54,84.47,59.04,123.49
2022-11-08,76.06,55.3,72.5,65.91,83.16
2022-11-09,72.76,78.57,95.61,81.65,63.52
2022-11-10,73.05,92.64,108.72,102.46,57.12
2022-11-11,75.84,87.17,104.02,56.88,154.89
2022-11-12,75.64,66.04,76.08,129.31,66.69
2022-11-13,75.43,66.04,72.86,71.11,107.0
2022-11-14,75.23,72.9,124.28,135.61,102.34
2022-11-15,76.65,103.24,112.59,110.47,74.74
2022-11-16,73.41,116.65,96.92,172.17,169.61
2022-11-17,72.4,108.83,90.2,128.19,45.44
2022-11-18,72.47,101.65,111.97,167.18,100.88
2022-11-19,73.07,108.78,100.55,98.69,35.57
2022-11-20,73.68,108.78,74.15,74.15,144.86
2022-11-21,74.28,110.31,179.07,175.47,90.92
2022-11-22,73.87,116.81,166.82,167.99,153.5
2022-11-23,75.87,115.01,148.61,144.1,52.0
2022-11-24,78.69,123.17,191.36,204.61,72.06
2022-11-25,78.97,122.03,155.83,173.24,79.61
2022-11-26,78.84,120.04,81.91,81.87,145.0
2022-11-27,78.72,120.04,30.04,50.2,70.0
2022-11-28,78.59,122.02,250.42,205.22,162.27
2022-11-29,81.39,122.07,219.67,219.53,228.23
2022-11-30,84.9,131.87,217.81,218.05,130.83
2022-12-01,84.88,144.26,191.64,189.15,103.07
2022-12-02,87.98,148.42,143.69,162.17,112.18
2022-12-03,87.71,132.48,92.15,120.06,71.53
2022-12-04,87.44,132.48,94.73,93.79,66.92
2022-12-05,87.17,134.27,242.67,171.0,65.0
2022-12-06,88.61,135.83,184.05,253.89,122.45
2022-12-07,88.19,138.84,157.22,243.97,139.27
2022-12-08,88.93,146.01,184.42,181.68,156.69
2022-12-09,87.73,150.52,176.21,239.58,168.62
2022-12-10,88.42,141.75,134.43,125.98,91.04
2022-12-11,89.12,141.75,105.31,110.9,224.33
2022-12-12,89.81,140.01,277.3,455.88,149.58
2022-12-13,88.99,137.53,294.78,287.1,124.0
2022-12-14,86.19,139.49,301.03,280.36,120.0
2022-12-15,85.2,134.65,219.84,218.64,212.03
2022-12-16,83.68,136.06,291.39,291.25,159.22
2022-12-17,84.02,121.1,80.67,62.13,59.69
2022-12-18,84.35,121.1,54.06,78.65,189.63
2022-12-19,84.69,119.27,173.47,173.22,29.84
2022-12-20,86.87,106.67,148.79,161.25,179.15
2022-12-21,85.6,103.6,105.07,105.07,135.0
2022-12-22,86.85,96.28,96.5,118.4,104.6
2022-12-23,86.85,90.84,87.22,87.22,59.81
2022-12-24,86.66,82.62,113.35,113.35,137.21
2022-12-25,86.47,82.62,37.53,43.54,190.0
2022-12-26,86.27,82.62,42.97,134.36,277.88
2022-12-27,86.08,82.62,95.08,94.23,106.88
2022-12-28,84.13,83.21,68.35,81.39,136.14
2022-12-29,82.36,77.54,49.42,50.46,171.14
2022-12-30,79.4,80.47,28.51,30.38,203.0
2022-12-31,80.82,80.15,3.78,13.26,75.9
2023-01-01,82.25,80.15,57.01,50.4,69.7
2023-01-02,83.67,75.16,102.96,111.91,45.1
2023-01-03,80.42,76.25,57.55,57.55,107.7
2023-01-04,75.4,70.67,83.35,125.6,178.01
2023-01-05,76.24,65.28,143.02,118.12,67.9
2023-01-06,75.55,63.68,53.72,64.22,112.88
2023-01-07,76.73,70.42,29.01,48.83,83.0
2023-01-08,77.92,70.42,94.85,26.41,140.0
2023-01-09,79.1,69.23,140.59,144.06,131.77
2023-01-10,78.38,70.04,74.97,91.48,88.52
2023-01-11,76.64,68.95,131.7,144.83,214.39
2023-01-12,77.76,64.68,111.45,114.72,164.0
2023-01-13,77.2,65.25,103.93,106.3,55.9
2023-01-14,76.49,63.36,19.02,31.92,130.03
2023-01-15,75.78,63.36,26.66,57.19,154.58
2023-01-16,75.07,64.06,129.89,129.89,91.21
2023-01-17,77.21,56.76,72.76,114.02,80.64
2023-01-18,81.42,57.73,68.76,71.85,62.16
2023-01-19,81.86,61.36,60.79,75.7,94.11
2023-01-20,82.6,61.09,92.62,81.97,56.46
2023-01-21,82.33,66.88,42.99,46.27,58.39
2023-01-22,82.07,66.88,52.07,52.44,73.08
2023-01-23,81.8,66.18,122.63,119.88,78.46
2023-01-24,79.62,65.95,107.38,103.92,95.31
2023-01-25,82.28,60.62,78.34,78.02,61.74
2023-01-26,86.81,57.64,68.28,69.66,89.21
2023-01-27,86.94,57.6,74.08,68.64,93.49
2023-01-28,87.03,54.19,38.74,43.81,50.33
2023-01-29,87.12,54.19,41.17,62.08,60.51
2023-01-30,87.21,53.84,113.47,91.64,90.09
2023-01-31,90.13,56.63,96.13,67.23,77.0
2023-02-01,92.65,58.21,63.15,76.91,112.13
2023-02-02,90.65,58.86,110.43,68.19,80.13
2023-02-03,90.9,57.44,26.36,69.5,103.58
2023-02-04,89.92,58.59,70.47,50.79,65.0
2023-02-05,88.94,58.59,64.43,69.21,63.22
2023-02-06,87.96,59.32,73.29,73.29,71.11
2023-02-07,87.9,58.86,110.74,100.47,106.65
2023-02-08,87.59,57.94,70.22,69.93,57.24
2023-02-09,88.49,54.93,63.06,110.14,59.0
2023-02-10,90.44,54.57,79.91,64.71,53.49
2023-02-11,90.08,54.16,63.02,54.65,19.15
2023-02-12,89.71,54.16,41.38,47.48,67.71
2023-02-13,89.35,54.5,86.83,100.95,58.76
2023-02-14,88.62,52.82,74.86,74.86,76.74
2023-02-15,91.51,53.34,62.1,61.48,85.38
2023-02-16,95.13,54.13,61.99,49.42,81.89
2023-02-17,93.33,52.36,56.82,74.59,129.22
2023-02-18,93.92,48.89,79.1,69.81,91.51
2023-02-19,94.52,48.89,60.16,55.03,72.16
2023-02-20,95.11,49.15,90.53,61.25,82.82
2023-02-21,97.12,51.08,107.95,47.57,63.06
2023-02-22,93.45,48.98,51.04,51.04,54.9
2023-02-23,93.84,50.3,53.3,53.43,70.88
2023-02-24,94.79,50.53,37.82,48.44,54.14
2023-02-25,95.49,52.53,91.58,45.41,52.7
2023-02-26,96.2,52.53,101.91,101.07,67.45
2023-02-27,96.9,52.73,66.88,75.35,116.0
2023-02-28,95.88,50.49,77.16,60.8,109.89
2023-03-01,93.8,48.37,69.57,73.3,113.9
2023-03-02,90.1,48.49,71.27,97.27,112.85
2023-03-03,89.27,48.44,67.61,76.89,112.52
2023-03-04,89.5,46.29,62.29,83.93,93.52
2023-03-05,89.73,46.29,64.64,71.51,66.13
2023-03-06,89.96,46.56,93.97,83.09,69.67
2023-03-07,92.87,43.83,76.51,99.94,98.4
2023-03-08,94.76,44.07,34.09,40.57,54.64
2023-03-09,95.4,44.12,49.68,49.78,51.05
2023-03-10,96.83,42.47,42.07,42.07,151.14
2023-03-11,95.55,47.52,85.0,65.12,48.36
2023-03-12,94.27,47.52,72.08,72.21,54.95
2023-03-13,92.99,46.58,95.03,93.81,241.22
2023-03-14,89.73,50.63,93.0,137.53,161.59
2023-03-15,86.65,46.88,108.44,80.94,52.05
2023-03-16,85.27,43.91,53.36,53.77,86.75
2023-03-17,85.57,42.72,63.72,62.94,110.0
2023-03-18,85.44,43.31,89.12,89.12,63.59
2023-03-19,85.31,43.31,58.87,58.87,41.69
2023-03-20,85.18,43.06,65.51,65.37,55.04
2023-03-21,87.38,39.98,44.97,44.9,57.22
2023-03-22,86.63,39.41,122.86,80.9,101.42
2023-03-23,90.18,40.25,108.7,102.37,97.51
2023-03-24,85.4,41.64,114.16,105.01,90.39
2023-03-25,86.31,41.51,83.06,84.4,93.0
2023-03-26,87.22,41.51,71.84,71.8,65.0
2023-03-27,88.13,42.25,81.64,100.6,62.4
2023-03-28,89.4,43.42,69.24,69.92,74.99
2023-03-29,90.02,42.32,53.82,53.66,54.24
2023-03-30,90.8,43.06,114.25,111.83,57.87
2023-03-31,91.75,42.78,89.02,104.06,44.18
2023-04-01,93.17,46.49,57.39,61.62,46.86
2023-04-02,94.58,46.49,117.29,115.29,60.86
2023-04-03,96.0,47.22,86.45,94.57,59.57
2023-04-04,94.98,50.36,72.69,86.1,42.73
2023-04-05,97.01,49.96,89.67,90.24,61.99
2023-04-06,96.75,47.54,46.9,48.23,49.44
2023-04-07,96.89,43.71,53.55,49.89,43.14
2023-04-08,97.04,46.38,45.37,51.29,44.64
2023-04-09,97.18,46.38,78.46,78.46,79.23
2023-04-10,97.33,43.71,74.36,85.03,78.35
2023-04-11,97.47,43.59,165.48,141.19,118.11
2023-04-12,96.27,43.33,57.7,69.94,126.01
2023-04-13,94.39,43.9,87.7,79.2,102.88
2023-04-14,94.11,43.0,63.31,62.87,69.46
2023-04-15,93.71,41.69,52.34,58.08,50.36
2023-04-16,93.31,41.69,45.74,45.63,41.98
2023-04-17,92.91,41.78,90.51,89.51,70.99
2023-04-18,95.15,42.29,57.38,56.34,80.27
2023-04-19,94.39,42.62,130.64,47.28,52.03
2023-04-20,91.74,42.12,59.77,60.66,61.63
2023-04-21,89.86,40.93,143.83,67.63,50.83
2023-04-22,89.43,40.67,126.22,109.44,46.2
2023-04-23,88.99,40.67,133.26,104.85,32.34
2023-04-24,88.56,40.9,59.92,59.92,36.0
2023-04-25,86.81,39.79,79.68,54.93,57.0
2023-04-26,86.24,39.66,62.12,62.12,62.52
2023-04-27,86.68,38.7,72.6,46.34,57.97
2023-04-28,87.65,38.85,36.46,43.31,91.94
2023-04-29,86.98,38.2,53.8,49.12,37.86
2023-04-30,86.3,38.2,128.93,120.7,37.42
2023-05-01,85.63,39.58,95.81,103.85,62.0
2023-05-02,88.52,38.05,60.89,60.89,47.34
2023-05-03,85.15,38.32,98.08,74.16,42.33
2023-05-04,84.5,36.58,65.32,55.73,68.71
2023-05-05,84.96,35.53,51.56,51.1,47.05
2023-05-06,85.17,39.58,61.81,62.07,33.34
2023-05-07,85.38,39.58,107.44,85.11,35.16
2023-05-08,85.59,35.13,58.81,44.77,41.0
2023-05-09,87.51,35.28,60.02,36.83,62.1
2023-05-10,89.06,36.21,55.77,63.68,47.89
2023-05-11,88.57,35.73,71.78,80.57,39.64
2023-05-12,88.93,34.46,52.03,42.14,85.75
2023-05-13,88.33,33.52,114.26,106.32,36.44
2023-05-14,87.74,33.52,127.83,106.1,26.71
2023-05-15,87.14,33.78,60.76,53.72,41.11
2023-05-16,88.93,32.01,97.5,102.18,39.26
2023-05-17,88.04,31.83,124.93,105.92,69.0
2023-05-18,89.65,32.25,96.46,90.54,42.76
2023-05-19,89.43,29.77,58.5,42.72,36.0
2023-05-20,88.7,28.97,89.12,87.71,29.61
2023-05-21,87.98,28.97,132.37,114.36,12.69
2023-05-22,87.25,29.21,93.51,35.62,42.46
2023-05-23,85.8,28.84,99.8,75.81,70.5
2023-05-24,84.79,28.58,107.47,36.53,55.93
2023-05-25,82.63,28.24,114.53,79.34,62.69
2023-05-26,83.13,26.66,115.62,91.61,60.74
2023-05-27,83.09,28.32,130.96,100.91,66.25
2023-05-28,83.04,28.32,209.97,118.77,46.26
2023-05-29,83.0,23.94,195.33,131.14,37.0
2023-05-30,80.38,24.54,98.08,63.36,66.24
2023-05-31,80.77,24.62,120.41,101.55,68.05
2023-06-01,78.95,26.58,117.03,99.99,60.13
2023-06-02,78.52,23.83,73.68,63.0,20.4
2023-06-03,79.97,23.25,5.51,80.59,26.0
2023-06-04,81.41,23.25,146.14,131.09,47.16
2023-06-05,82.86,23.41,89.3,37.13,41.82
2023-06-06,81.64,26.74,81.79,42.04,43.64
2023-06-07,83.86,26.56,71.25,40.76,58.0
2023-06-08,83.35,26.0,50.0,37.54,54.99
2023-06-09,86.14,27.45,42.39,42.39,42.55
2023-06-10,86.83,28.72,106.19,82.11,55.76
2023-06-11,87.53,28.72,141.94,121.8,38.54
2023-06-12,88.22,28.37,81.88,51.94,67.53
2023-06-13,90.72,30.32,71.58,52.58,100.9
2023-06-14,93.62,29.88,78.05,64.78,156.71
2023-06-15,92.93,36.98,78.91,49.49,106.11
2023-06-16,91.92,41.2,75.79,73.42,78.52
2023-06-17,92.36,35.37,115.62,107.59,49.79
2023-06-18,92.79,35.37,115.26,111.96,73.53
2023-06-19,93.23,36.03,109.34,79.28,58.58
2023-06-20,94.51,33.16,70.46,65.18,76.31
2023-06-21,90.85,37.93,98.35,91.68,71.14
2023-06-22,90.95,38.52,50.97,50.97,54.05
2023-06-23,87.55,36.62,57.8,54.93,46.14
2023-06-24,87.2,32.18,150.41,113.21,50.6
2023-06-25,86.84,32.18,61.55,70.31,109.85
2023-06-26,86.49,32.33,78.44,58.23,51.92
2023-06-27,89.09,33.18,71.33,51.59,53.38
2023-06-28,88.21,33.27,72.23,43.91,44.42
2023-06-29,88.13,34.34,73.34,33.22,48.08
2023-06-30,89.57,33.82,44.97,44.23,39.19
2023-07-01,88.91,35.8,92.9,70.77,145.0
2023-07-02,88.24,35.8,594.9,229.84,161.85
2023-07-03,87.58,36.22,133.77,105.93,83.61
2023-07-04,87.69,35.62,173.93,88.95,57.02
2023-07-05,85.81,33.81,132.68,83.15,44.46
2023-07-06,86.29,34.66,107.71,47.76,46.42
2023-07-07,86.15,32.79,108.26,59.29,40.88
2023-07-08,86.19,32.3,116.15,103.44,114.23
2023-07-09,86.22,32.3,97.11,96.99,4.01
2023-07-10,86.26,32.63,107.85,85.1,53.7
2023-07-11,87.05,31.66,134.6,47.2,46.76
2023-07-12,85.83,29.26,138.97,51.46,52.58
2023-07-13,85.88,27.47,87.87,63.09,53.96
2023-07-14,86.35,26.24,70.2,56.07,34.55
2023-07-15,86.49,26.36,89.39,90.0,75.33
2023-07-16,86.64,26.36,174.42,155.4,71.7
2023-07-17,86.78,26.72,125.0,106.49,55.98
2023-07-18,88.18,24.84,100.5,107.72,39.2
2023-07-19,88.98,25.86,66.34,38.83,51.39
2023-07-20,90.84,26.53,74.14,69.98,48.32
2023-07-21,91.82,27.05,59.31,43.12,41.0
2023-07-22,91.64,28.73,99.23,78.27,33.47
2023-07-23,91.47,28.73,111.83,97.93,27.08
2023-07-24,91.29,29.28,54.73,39.64,41.78
2023-07-25,92.34,29.03,66.95,44.95,109.34
2023-07-26,90.77,31.57,51.15,35.48,46.29
2023-07-27,90.92,30.86,38.62,29.3,43.25
2023-07-28,88.7,28.45,54.35,34.86,43.0
2023-07-29,88.07,26.14,82.54,81.81,75.6
2023-07-30,87.44,26.14,135.07,93.01,85.0
2023-07-31,86.81,26.37,59.25,58.72,42.37
2023-08-01,84.62,26.5,54.98,55.5,15.99
2023-08-02,83.2,26.82,62.68,50.47,46.39
2023-08-03,84.41,27.0,79.38,76.01,25.19
2023-08-04,83.41,29.3,62.72,39.24,52.08
2023-08-05,83.15,28.18,70.95,54.31,45.76
2023-08-06,82.9,28.18,68.06,76.49,45.0
2023-08-07,82.64,28.17,73.35,87.32,41.81
2023-08-08,83.97,29.34,109.36,44.98,65.71
2023-08-09,83.9,29.38,97.06,58.88,28.48
2023-08-10,84.55,34.24,164.73,50.25,50.15
2023-08-11,86.8,35.74,136.47,83.72,38.0
2023-08-12,87.18,33.12,106.28,106.28,109.82
2023-08-13,87.57,33.12,119.09,118.49,58.25
2023-08-14,87.95,33.76,114.11,61.44,52.11
2023-08-15,86.87,32.84,119.07,109.5,44.7
2023-08-16,88.58,35.31,73.12,64.45,55.24
2023-08-17,88.85,35.48,50.64,47.26,54.56
2023-08-18,88.05,35.16,78.53,40.15,44.32
2023-08-19,87.98,33.22,117.56,119.94,105.32
2023-08-20,87.92,33.22,126.75,126.29,75.15
2023-08-21,87.85,33.51,113.49,58.57,47.72
2023-08-22,90.01,38.3,114.04,92.91,109.04
2023-08-23,88.0,40.64,194.38,162.19,96.0
2023-08-24,85.21,38.93,157.43,153.03,94.68
2023-08-25,85.25,32.14,67.99,44.9,56.36
2023-08-26,85.37,37.71,88.75,43.94,43.3
2023-08-27,85.48,37.71,41.53,90.29,31.53
2023-08-28,85.6,34.11,65.0,66.01,50.25
2023-08-29,85.0,34.07,71.66,59.76,44.06
2023-08-30,86.0,37.15,73.27,51.94,33.91
2023-08-31,86.03,35.0,62.29,48.66,43.25
2023-09-01,85.64,35.38,62.62,47.48,49.4
2023-09-02,85.12,32.21,71.45,71.61,44.73
2023-09-03,84.6,32.21,133.65,98.7,70.72
2023-09-04,84.08,32.11,126.24,67.43,50.74
2023-09-05,83.91,32.42,109.82,75.9,37.0
2023-09-06,83.7,31.72,116.4,107.04,70.92
2023-09-07,83.29,32.09,102.07,92.85,87.3
2023-09-08,81.62,31.04,159.09,92.65,95.73
2023-09-09,81.66,34.24,151.32,113.5,93.9
2023-09-10,81.69,34.24,151.9,131.57,121.0
2023-09-11,81.73,34.01,437.82,138.8,195.34
2023-09-12,81.12,36.75,190.43,68.63,76.59
2023-09-13,83.76,35.96,61.48,61.11,68.58
2023-09-14,82.93,36.25,147.6,72.77,117.48
2023-09-15,82.1,36.15,126.98,60.42,67.9
2023-09-16,81.69,34.83,148.8,89.13,57.75
2023-09-17,81.29,34.83,147.82,121.72,50.0
2023-09-18,80.88,35.51,131.34,92.2,37.49
2023-09-19,81.3,34.7,120.16,115.62,145.0
2023-09-20,82.76,35.28,201.2,115.54,102.0
2023-09-21,84.43,36.88,201.12,115.73,197.39
2023-09-22,85.3,38.2,85.7,124.92,101.37
2023-09-23,85.16,39.94,103.1,91.58,47.87
2023-09-24,85.03,39.94,159.75,136.96,124.76
2023-09-25,84.89,39.98,303.52,142.95,135.56
2023-09-26,82.51,44.41,183.98,75.78,108.91
2023-09-27,81.86,41.01,159.32,56.54,45.35
2023-09-28,83.11,39.09,183.8,119.9,134.55
2023-09-29,81.45,41.05,68.03,91.06,176.32
2023-09-30,81.2,38.65,155.14,116.99,53.9
2023-10-01,80.95,38.65,3.01,51.93,71.08
2023-10-02,80.7,38.54,157.13,94.32,70.57
2023-10-03,79.8,34.22,71.07,130.01,107.73
2023-10-04,81.82,28.43,113.54,104.74,99.46
2023-10-05,80.86,31.46,173.69,60.78,50.82
2023-10-06,80.62,29.8,110.09,86.01,106.82
2023-10-07,80.96,28.6,108.69,108.69,105.01
2023-10-08,81.29,28.6,107.98,84.42,75.0
2023-10-09,81.63,29.6,122.71,128.7,145.38
2023-10-10,84.74,38.61,104.53,76.48,55.0
2023-10-11,83.78,44.22,132.2,136.03,89.16
2023-10-12,85.45,46.31,116.7,107.31,162.1
2023-10-13,85.66,46.84,72.06,87.83,92.44
2023-10-14,84.91,52.47,131.36,133.97,110.1
2023-10-15,84.16,52.47,141.66,148.84,145.8
2023-10-16,83.41,52.79,133.75,133.95,138.85
2023-10-17,82.65,49.39,85.58,73.19,64.75
2023-10-18,81.79,45.16,78.55,97.76,53.33
2023-10-19,82.0,46.8,118.85,125.94,118.77
2023-10-20,81.67,44.99,101.71,119.06,138.99
2023-10-21,81.21,46.23,118.4,104.96,65.46
2023-10-22,80.76,46.23,109.83,111.4,95.4
2023-10-23,80.3,46.69,99.66,60.57,54.67
2023-10-24,80.66,46.86,46.89,50.64,133.1
2023-10-25,79.93,48.83,66.81,94.92,63.56
2023-10-26,79.58,48.84,61.96,59.0,48.61
2023-10-27,79.36,48.47,59.55,107.33,60.59
2023-10-28,79.17,47.75,81.06,62.1,74.46
2023-10-29,78.97,47.75,84.11,56.52,
2023-10-30,78.78,47.98,103.0,103.0,62.55
2023-10-31,79.41,50.27,74.27,70.1,93.14
2023-11-01,78.66,43.51,33.01,65.21,89.0
2023-11-02,79.06,38.33,64.91,85.27,58.93
2023-11-03,77.2,37.75,89.29,89.52,79.76
2023-11-04,76.76,40.89,28.74,23.8,44.6
2023-11-05,76.32,40.89,45.25,68.97,54.87
2023-11-06,75.88,41.24,95.9,96.81,64.53
2023-11-07,75.36,41.65,68.04,68.56,84.52
2023-11-08,75.4,42.67,51.38,44.71,102.13
2023-11-09,77.3,43.5,52.89,50.46,51.71
2023-11-10,78.5,44.6,64.64,64.64,76.56
2023-11-11,78.01,41.36,47.96,47.96,81.0
2023-11-12,77.53,41.36,51.6,34.04,76.81
2023-11-13,77.04,41.96,64.97,64.47,136.57
2023-11-14,78.57,40.66,82.25,88.12,93.9
2023-11-15,79.8,42.69,57.9,47.39,136.17
2023-11-16,77.2,46.47,55.93,50.09,94.27
2023-11-17,76.23,46.08,49.16,49.13,92.9
2023-11-18,76.37,44.75,11.36,42.62,27.98
2023-11-19,76.52,44.75,103.55,100.82,101.86
2023-11-20,76.66,45.1,68.18,78.97,43.39
2023-11-21,75.21,45.88,51.42,37.36,61.76
2023-11-22,75.1,45.4,59.64,44.17,50.98
2023-11-23,76.57,44.49,99.69,104.56,101.0
2023-11-24,76.46,45.63,112.58,115.34,75.77
2023-11-25,75.33,46.47,44.13,47.1,42.01
2023-11-26,74.2,46.47,39.65,46.58,67.8
2023-11-27,73.07,47.03,57.08,57.08,45.15
2023-11-28,72.5,44.85,74.8,74.74,106.0
2023-11-29,70.78,43.51,64.42,64.83,66.46
2023-11-30,70.56,42.69,137.13,137.01,138.39
2023-12-01,72.45,42.24,126.75,125.68,128.53
2023-12-02,71.78,43.07,32.92,32.26,64.84
2023-12-03,71.1,43.07,29.05,29.05,37.57
2023-12-04,70.43,42.89,45.32,45.32,25.0
2023-12-05,68.91,41.53,39.26,39.7,131.03
2023-12-06,68.96,39.14,76.41,76.41,45.33
2023-12-07,69.97,38.86,60.08,60.08,26.8
2023-12-08,68.62,39.69,39.23,39.4,18.17
2023-12-09,68.19,39.32,20.95,30.55,34.46
2023-12-10,67.77,39.32,63.69,61.87,70.27
2023-12-11,67.34,39.64,89.71,91.65,69.55
2023-12-12,68.24,35.66,61.91,38.5,90.22
2023-12-13,68.88,34.83,30.98,28.44,93.76
2023-12-14,66.73,35.02,54.35,38.69,41.32
2023-12-15,67.57,34.58,46.34,46.34,65.83
2023-12-16,68.25,31.97,29.56,31.4,62.5
2023-12-17,68.93,31.97,36.57,53.03,56.9
2023-12-18,69.61,32.44,60.21,56.45,84.06
2023-12-19,69.76,32.65,55.04,42.95,55.0
2023-12-20,73.2,31.85,41.42,56.49,86.38
2023-12-21,75.88,32.43,48.89,59.85,94.82
2023-12-22,76.94,33.69,39.98,21.42,32.59
2023-12-23,77.1,32.61,42.1,42.09,50.79
2023-12-24,77.26,33.02,6.07,5.9,65.69
2023-12-25,77.42,32.61,33.39,18.45,68.15
2023-12-26,77.58,32.61,54.71,76.06,103.5
2023-12-27,77.74,33.14,32.96,18.02,75.55
2023-12-28,77.94,34.97,41.07,47.43,49.95
2023-12-29,77.98,32.33,26.6,31.59,99.16
2023-12-30,77.01,31.86,60.25,54.21,91.0
2023-12-31,76.04,31.86,20.25,12.21,83.29
2024-01-01,75.06,31.77,56.96,53.24,108.6
2024-01-02,74.09,31.69,54.59,54.22,121.61
2024-01-03,75.42,30.01,61.99,30.07,33.83
2024-01-04,73.78,31.04,68.72,68.72,122.96
2024-01-05,73.97,32.95,25.01,37.14,37.38
2024-01-06,72.63,34.06,11.72,19.23,65.23
2024-01-07,71.3,34.06,20.51,20.51,75.75
2024-01-08,69.96,34.6,42.63,42.68,41.75
2024-01-09,69.9,32.15,49.1,47.79,49.54
2024-01-10,67.72,31.03,55.19,54.45,69.28
2024-01-11,65.96,31.16,59.05,60.4,75.3
2024-01-12,63.8,30.72,56.4,57.74,111.99
2024-01-13,64.83,31.29,12.14,36.54,84.38
2024-01-14,65.87,31.29,19.93,22.9,35.36
2024-01-15,66.9,31.54,33.1,38.29,197.52
2024-01-16,65.49,30.39,67.14,65.76,96.0
2024-01-17,63.31,30.23,71.05,41.2,88.51
2024-01-18,63.28,28.6,50.98,42.73,133.73
2024-01-19,63.42,28.54,41.51,45.54,43.35
2024-01-20,63.08,28.6,32.14,30.1,72.23
2024-01-21,62.75,28.6,23.76,31.28,30.98
2024-01-22,62.41,28.29,61.44,73.32,35.32
2024-01-23,63.27,26.99,72.25,76.84,51.1
2024-01-24,65.8,26.83,56.42,67.38,278.36
2024-01-25,63.41,27.6,48.53,40.17,29.8
2024-01-26,63.1,28.03,24.43,40.63,82.54
2024-01-27,62.66,27.06,42.07,23.8,34.07
2024-01-28,62.21,27.06,37.75,35.31,80.63
2024-01-29,61.77,27.26,57.18,51.29,75.04
2024-01-30,64.02,28.67,31.13,31.95,
2024-01-31,64.4,28.25,50.79,50.98,64.0
2024-02-01,62.32,29.58,51.38,49.1,77.78
2024-02-02,63.5,29.21,36.09,38.34,54.9
2024-02-03,63.2,28.49,38.15,43.65,65.72
2024-02-04,62.89,28.49,41.39,63.83,52.52
2024-02-05,62.59,28.6,67.69,89.11,77.57
2024-02-06,63.49,28.26,66.22,73.77,96.84
2024-02-07,62.32,28.45,58.23,58.47,163.74
2024-02-08,60.71,28.62,61.0,28.01,37.75
2024-02-09,58.8,27.77,20.17,42.33,32.5
2024-02-10,58.27,27.12,22.23,23.13,46.46
2024-02-11,57.73,27.12,21.9,44.0,55.89
2024-02-12,57.2,27.24,44.79,44.79,35.0
2024-02-13,56.65,26.01,39.62,29.06,
2024-02-14,56.44,25.95,24.95,30.05,76.6
2024-02-15,57.95,24.82,22.92,38.93,47.91
2024-02-16,57.11,25.16,25.11,28.5,110.7
2024-02-17,55.79,24.47,54.81,33.66,56.73
2024-02-18,54.46,24.47,33.78,36.81,34.9
2024-02-19,53.14,24.69,39.93,40.06,71.5
2024-02-20,54.21,23.83,37.9,28.42,124.36
2024-02-21,54.51,23.78,40.34,31.75,53.99
2024-02-22,52.59,23.81,54.9,50.26,81.59
2024-02-23,52.51,23.77,59.33,60.32,40.78
2024-02-24,52.95,22.77,47.78,41.91,143.98
2024-02-25,53.39,22.77,47.66,17.43,18.1
2024-02-26,53.83,22.88,29.8,29.8,218.0
2024-02-27,55.96,23.51,52.55,46.88,
2024-02-28,57.21,23.96,45.09,45.09,26.19
2024-02-29,56.44,25.45,31.19,29.92,45.95
2024-03-01,56.31,24.99,30.65,31.64,40.71
2024-03-02,56.63,25.44,38.7,38.7,36.85
2024-03-03,56.96,25.44,44.45,44.45,108.63
2024-03-04,57.28,25.62,44.08,37.38,42.84
2024-03-05,60.0,26.05,47.16,59.1,54.09
2024-03-06,58.79,27.96,50.29,49.98,46.01
2024-03-07,59.44,27.85,45.45,34.49,45.09
2024-03-08,58.5,26.31,79.5,56.48,45.57
2024-03-09,57.71,26.05,83.04,70.44,46.81
2024-03-10,56.92,26.05,76.33,50.05,51.68
2024-03-11,56.13,26.12,47.22,39.97,114.45
2024-03-12,57.0,25.23,56.66,41.57,30.49
2024-03-13,55.87,24.59,33.84,58.54,50.71
2024-03-14,58.8,24.83,65.61,46.4,25.26
2024-03-15,59.38,24.77,50.05,77.46,115.33
2024-03-16,60.06,26.52,76.32,76.47,86.89
2024-03-17,60.74,26.52,54.16,54.2,42.78
2024-03-18,61.42,26.81,79.07,90.16,27.8
2024-03-19,61.31,28.52,76.95,91.62,107.66
2024-03-20,60.01,28.53,107.11,97.69,125.41
2024-03-21,59.37,28.01,60.85,77.01,50.0
2024-03-22,61.5,26.71,71.83,49.15,45.32
2024-03-23,62.61,27.32,78.54,44.16,80.82
2024-03-24,63.73,27.32,64.87,72.1,42.9
2024-03-25,64.84,27.05,112.85,86.94,46.46
2024-03-26,63.0,28.51,89.26,66.73,35.22
2024-03-27,62.61,27.55,68.8,76.0,40.18
2024-03-28,61.93,27.15,73.93,59.82,64.87
2024-03-29,61.32,27.0,95.59,95.64,48.37
2024-03-30,60.72,26.79,81.26,84.31,45.4
2024-03-31,60.11,26.79,116.26,23.43,54.85
2024-04-01,59.51,27.0,20.91,27.54,51.67
2024-04-02,58.9,27.38,96.48,79.82,75.0
2024-04-03,57.55,26.74,50.26,37.29,34.89
2024-04-04,58.39,25.68,35.17,39.05,70.0
2024-04-05,61.01,25.96,56.04,14.45,69.32
2024-04-06,61.8,26.01,133.91,26.58,42.51
2024-04-07,62.6,26.01,135.18,54.25,78.74
2024-04-08,63.39,26.21,81.66,22.72,48.8
2024-04-09,63.96,26.9,71.66,14.68,124.35
2024-04-10,62.85,27.76,160.87,102.0,58.84
2024-04-11,68.83,27.61,137.25,70.93,108.12
2024-04-12,71.64,28.69,126.02,66.5,76.66
2024-04-13,71.15,29.85,128.45,88.83,122.02
2024-04-14,70.65,29.85,179.98,47.85,85.03
2024-04-15,70.16,29.9,93.92,20.72,87.0
2024-04-16,74.25,30.79,84.52,25.76,149.97
2024-04-17,70.33,33.21,92.87,135.16,74.5
2024-04-18,71.55,32.79,68.04,111.97,81.75
2024-04-19,68.52,32.25,28.03,29.41,98.52
2024-04-20,67.81,31.7,86.49,29.32,71.25
2024-04-21,67.11,31.7,96.16,43.55,46.48
2024-04-22,66.4,31.8,97.29,114.7,58.25
2024-04-23,66.38,30.4,95.84,73.72,58.8
2024-04-24,66.85,29.8,66.91,86.68,50.14
2024-04-25,68.41,29.22,85.88,38.04,64.72
2024-04-26,67.51,30.34,76.21,31.3,50.9
2024-04-27,66.94,29.4,119.96,31.8,62.5
2024-04-28,66.37,29.4,143.62,143.62,68.76
2024-04-29,65.8,29.18,170.94,56.18,90.71
2024-04-30,69.2,27.98,122.41,71.1,96.12
2024-05-01,67.91,28.74,170.47,48.24,113.64
2024-05-02,72.69,28.61,89.35,58.7,86.15
2024-05-03,71.84,30.27,60.61,64.01,77.83
2024-05-04,72.45,29.4,122.06,35.85,43.94
2024-05-05,73.06,29.4,112.89,56.73,37.71
2024-05-06,73.67,30.69,69.28,50.05,34.72
2024-05-07,70.85,30.76,85.52,45.84,82.58
2024-05-08,71.92,31.67,67.84,50.76,66.58
2024-05-09,73.62,30.65,134.82,37.87,99.19
2024-05-10,71.59,31.18,96.24,29.2,52.06
2024-05-11,71.08,29.87,146.73,57.76,60.04
2024-05-12,70.58,29.87,211.19,148.79,70.72
2024-05-13,70.07,30.47,148.64,39.71,46.26
2024-05-14,70.1,29.1,136.42,68.67,60.75
2024-05-15,69.19,29.16,121.38,30.63,104.36
2024-05-16,70.79,29.51,110.62,68.05,85.41
2024-05-17,70.52,29.8,42.3,78.79,46.68
2024-05-18,71.76,30.28,134.45,48.15,35.38
2024-05-19,73.0,30.28,137.99,33.43,73.0
2024-05-20,74.24,30.36,136.23,77.39,67.29
2024-05-21,76.2,31.98,98.51,59.78,69.01
2024-05-22,76.67,31.99,98.74,51.0,46.82
2024-05-23,76.1,33.94,134.75,68.52,69.19
2024-05-24,75.78,35.49,45.72,80.91,72.68
2024-05-25,76.02,35.48,136.95,81.89,56.82
2024-05-26,76.27,35.48,144.98,79.31,39.75
2024-05-27,76.51,34.22,148.5,46.82,70.3
2024-05-28,74.6,34.3,89.06,31.87,42.15
2024-05-29,73.95,34.01,81.08,58.87,77.39
2024-05-30,75.2,33.92,63.52,42.32,70.64
2024-05-31,74.07,34.51,49.7,22.24,48.02
2024-06-01,74.26,34.91,82.94,8.98,1.55
2024-06-02,74.44,34.91,128.59,69.61,40.22
2024-06-03,74.63,35.02,147.98,74.06,51.8
2024-06-04,72.58,37.12,191.66,85.4,132.52
2024-06-05,72.0,34.64,131.72,93.26,128.23
2024-06-06,71.53,33.48,148.22,87.56,63.06
2024-06-07,71.42,33.62,141.67,64.5,50.99
2024-06-08,71.25,32.85,129.35,88.49,37.51
2024-06-09,71.08,32.85,153.0,75.72,45.22
2024-06-10,70.91,33.0,116.91,44.72,43.42
2024-06-11,70.41,32.89,127.64,78.79,48.67
2024-06-12,70.3,34.68,114.98,44.67,63.78
2024-06-13,70.87,35.3,145.0,64.0,42.23
2024-06-14,68.53,36.26,95.26,64.1,86.5
2024-06-15,68.41,34.92,164.29,127.72,75.74
2024-06-16,68.28,34.92,159.95,77.3,46.5
2024-06-17,68.16,35.04,170.71,53.79,44.75
2024-06-18,68.38,34.61,120.84,39.66,33.06
2024-06-19,70.74,34.42,121.25,81.22,67.34
2024-06-20,69.19,34.72,146.28,65.0,82.17
2024-06-21,68.05,34.87,38.71,65.14,39.15
2024-06-22,67.89,33.89,124.12,87.04,69.59
2024-06-23,67.72,33.89,117.65,97.82,56.69
2024-06-24,67.56,33.97,179.36,99.53,53.47
2024-06-25,67.8,33.91,136.74,105.05,72.44
2024-06-26,67.23,34.53,38.32,79.74,33.1
2024-06-27,66.49,34.34,155.48,74.75,77.0
2024-06-28,67.36,34.13,148.01,115.36,100.31
2024-06-29,67.68,33.77,139.43,48.84,41.9
2024-06-30,68.01,33.77,103.9,104.73,35.03
2024-07-01,68.33,33.99,132.18,89.11,44.57
2024-07-02,70.93,33.95,54.07,106.41,95.4
2024-07-03,70.91,33.21,91.91,68.27,67.29
2024-07-04,70.18,32.49,134.39,73.64,155.0
2024-07-05,70.35,32.97,143.14,106.23,45.08
2024-07-06,69.91,32.85,49.95,75.02,72.15
2024-07-07,69.48,32.85,155.54,125.42,41.38
2024-07-08,69.04,32.83,227.9,77.43,60.81
2024-07-09,68.52,32.38,148.79,99.72,63.43
2024-07-10,67.96,31.12,119.5,73.44,43.38
2024-07-11,68.52,30.74,139.85,64.59,48.0
2024-07-12,69.35,30.77,27.71,65.48,46.9
2024-07-13,68.76,31.15,93.74,94.46,58.94
2024-07-14,68.17,31.15,52.8,180.14,35.93
2024-07-15,67.58,31.22,225.03,90.19,110.0
2024-07-16,67.94,30.94,133.08,90.51,69.9
2024-07-17,66.42,32.24,177.15,108.22,46.91
2024-07-18,66.11,32.22,193.64,100.44,63.57
2024-07-19,66.0,32.0,154.26,81.38,50.56
2024-07-20,65.6,31.85,139.4,60.65,51.09
2024-07-21,65.19,31.85,128.33,60.08,36.33
2024-07-22,64.79,31.83,166.83,65.61,71.1
2024-07-23,65.79,31.38,82.51,100.27,150.78
2024-07-24,68.9,31.27,123.88,112.79,57.15
2024-07-25,67.08,32.12,142.45,93.17,68.03
2024-07-26,67.71,31.86,83.06,35.71,63.21
2024-07-27,68.07,32.45,105.3,41.7,72.56
2024-07-28,68.42,32.45,164.35,83.69,43.81
2024-07-29,68.78,32.46,179.77,86.97,62.65
2024-07-30,68.58,33.4,177.19,108.27,185.01
2024-07-31,69.24,33.53,124.79,94.19,146.56
2024-08-01,71.17,34.92,77.69,58.81,78.98
2024-08-02,70.44,36.12,95.61,55.56,77.34
2024-08-03,69.91,35.65,132.54,48.92,87.65
2024-08-04,69.39,35.65,127.15,98.18,41.26
2024-08-05,68.86,35.73,213.66,102.65,71.94
2024-08-06,69.92,34.59,227.9,77.7,55.04
2024-08-07,70.57,36.0,114.23,56.44,133.92
2024-08-08,71.06,37.1,165.13,51.99,177.8
2024-08-09,70.14,38.46,125.77,90.62,120.54
2024-08-10,70.98,39.4,173.77,110.6,80.8
2024-08-11,71.81,39.4,197.14,119.01,31.33
2024-08-12,72.65,39.55,217.86,123.62,46.33
2024-08-13,71.29,40.15,164.98,64.42,185.73
2024-08-14,71.87,38.72,144.21,46.3,80.68
2024-08-15,72.11,38.33,160.34,78.26,95.5
2024-08-16,72.52,38.58,195.55,69.27,75.33
2024-08-17,72.73,38.62,109.75,79.35,44.61
2024-08-18,72.93,38.62,97.96,111.64,107.47
2024-08-19,73.14,38.72,123.93,61.59,31.71
2024-08-20,73.07,39.11,140.59,69.42,82.9
2024-08-21,72.14,38.22,161.63,101.26,77.97
2024-08-22,71.57,36.72,117.09,121.5,114.37
2024-08-23,71.13,35.85,139.7,132.88,93.38
2024-08-24,70.92,38.62,135.7,113.99,71.08
2024-08-25,70.7,38.62,139.46,126.61,127.3
2024-08-26,70.49,36.13,213.51,103.02,99.0
2024-08-27,71.49,36.21,231.07,120.35,78.75
2024-08-28,70.77,38.33,195.86,108.37,60.78
2024-08-29,71.06,38.77,244.02,85.05,124.21
2024-08-30,70.3,38.33,77.03,52.02,94.49
2024-08-31,70.34,39.57,149.09,114.26,52.65
2024-09-01,70.39,39.57,155.6,122.63,58.72
2024-09-02,70.43,39.68,174.21,55.75,53.94
2024-09-03,68.16,38.76,573.68,51.97,54.28
2024-09-04,67.0,37.46,230.87,49.15,46.56
2024-09-05,66.2,36.25,119.42,64.75,57.9
2024-09-06,66.5,36.0,124.01,82.63,44.9
2024-09-07,66.51,36.65,149.96,115.13,58.59
2024-09-08,66.51,36.65,128.11,87.66,54.23
2024-09-09,66.52,36.85,77.54,109.05,74.7
2024-09-10,64.92,36.65,93.07,83.41,109.0
2024-09-11,66.4,35.86,80.41,73.63,109.9
2024-09-12,65.45,35.4,221.78,92.13,148.0
2024-09-13,64.99,35.29,47.61,117.16,95.89
2024-09-14,64.4,35.73,127.04,101.28,106.01
2024-09-15,63.8,35.73,133.57,65.44,108.43
2024-09-16,63.21,35.83,61.72,110.26,98.76
2024-09-17,64.34,34.38,106.89,49.23,133.32
2024-09-18,63.7,35.0,130.01,120.01,90.88
2024-09-19,62.82,34.89,134.39,112.65,85.0
2024-09-20,63.39,33.99,145.73,110.11,86.0
2024-09-21,63.63,34.25,145.94,87.86,54.51
2024-09-22,63.86,34.25,157.26,110.21,67.36
2024-09-23,64.1,34.49,251.84,97.03,86.81
2024-09-24,63.87,35.68,62.54,109.28,76.95
2024-09-25,65.24,36.13,176.64,88.09,66.59
2024-09-26,66.52,37.26,76.92,61.68,55.66
2024-09-27,66.33,37.47,68.87,70.0,125.12
2024-09-28,66.07,37.97,96.92,104.97,65.88
2024-09-29,65.82,37.97,167.82,47.07,70.36
2024-09-30,65.56,38.0,88.02,39.73,99.4
2024-10-01,63.61,38.84,114.96,114.64,87.35
2024-10-02,62.6,38.06,60.77,63.93,92.56
2024-10-03,62.76,38.98,81.34,111.98,59.17
2024-10-04,62.05,38.89,75.53,88.14,71.27
2024-10-05,61.95,40.25,109.77,95.11,81.36
2024-10-06,61.86,40.25,42.89,73.36,57.1
2024-10-07,61.76,40.29,194.36,89.65,100.25
2024-10-08,60.29,39.73,92.2,79.9,91.95
2024-10-09,62.01,38.7,67.32,83.42,61.52
2024-10-10,65.0,37.98,103.38,113.27,200.96
2024-10-11,64.62,39.26,117.07,97.13,194.0
2024-10-12,65.07,39.71,66.53,41.3,93.58
2024-10-13,65.52,39.71,69.74,79.47,51.04
2024-10-14,65.97,39.85,195.58,101.02,192.19
2024-10-15,65.09,40.06,104.59,70.71,55.96
2024-10-16,63.03,39.18,86.34,81.87,245.0
2024-10-17,62.98,39.04,139.67,78.73,164.98
2024-10-18,62.28,39.17,101.08,96.08,77.5
2024-10-19,62.11,38.64,74.86,64.95,75.2
2024-10-20,61.93,38.64,62.71,49.42,85.45
2024-10-21,61.76,38.87,148.92,122.23,111.14
2024-10-22,62.25,39.7,86.93,106.41,121.41
2024-10-23,64.89,40.46,139.21,99.72,61.19
2024-10-24,66.63,41.35,90.98,85.61,105.57
2024-10-25,66.97,42.2,149.14,63.06,112.31
2024-10-26,66.78,42.76,87.6,50.98,55.02
2024-10-27,66.59,42.76,108.31,83.71,99.94
2024-10-28,66.4,43.05,53.87,85.4,92.5
2024-10-29,67.28,42.07,180.35,89.01,119.31
2024-10-30,65.47,42.77,91.35,75.43,152.39
2024-10-31,64.58,41.39,40.72,50.59,80.0
2024-11-01,63.87,39.42,90.38,79.84,140.72
2024-11-02,64.32,38.35,69.88,19.01,74.4
2024-11-03,64.77,38.35,75.28,92.11,109.59
2024-11-04,65.22,38.71,195.05,70.44,108.8
2024-11-05,64.3,39.81,410.39,98.08,218.92
2024-11-06,63.76,40.5,724.64,68.67,155.31
2024-11-07,66.04,39.82,275.35,61.49,50.7
2024-11-08,68.02,40.88,35.46,42.21,77.83
2024-11-09,67.87,42.19,41.4,28.46,89.03
2024-11-10,67.72,42.19,40.12,38.82,96.92
2024-11-11,67.57,42.29,37.56,32.73,145.52
2024-11-12,67.53,43.71,161.42,87.04,169.16
2024-11-13,66.31,43.85,119.98,54.11,111.95
2024-11-14,68.27,43.56,35.73,41.39,135.27
2024-11-15,68.01,45.7,54.15,56.8,115.99
2024-11-16,68.51,45.62,35.95,34.46,54.05
2024-11-17,69.01,45.62,55.98,61.14,87.7
2024-11-18,69.51,45.73,82.32,64.97,68.8
2024-11-19,68.13,46.64,65.84,102.74,87.0
2024-11-20,68.38,46.46,61.35,66.72,109.23
2024-11-21,69.99,46.47,68.69,50.94,46.71
2024-11-22,69.27,48.31,55.43,64.18,59.31
2024-11-23,69.47,47.66,33.35,60.76,99.81
2024-11-24,69.66,47.66,14.11,38.22,91.69
2024-11-25,69.86,47.65,78.87,84.44,132.4
2024-11-26,69.23,47.85,70.01,64.8,138.04
2024-11-27,68.47,46.89,80.1,93.11,211.67
2024-11-28,67.63,46.21,62.07,64.78,73.36
2024-11-29,68.4,46.49,78.55,54.61,87.0
2024-11-30,68.54,46.81,51.74,48.58,28.97
2024-12-01,68.69,46.81,38.45,48.99,43.16
2024-12-02,68.83,46.9,78.81,91.09,195.55
2024-12-03,68.49,48.42,74.38,62.74,149.5
2024-12-04,67.86,48.44,166.47,98.12,84.13
2024-12-05,67.34,47.13,40.27,51.42,48.49
2024-12-06,68.31,46.53,107.86,110.27,107.84
2024-12-07,67.66,45.9,56.99,54.04,143.72
2024-12-08,67.02,45.9,34.41,42.36,120.0
2024-12-09,66.37,46.04,95.41,117.55,154.25
2024-12-10,68.89,45.22,102.8,65.79,194.39
2024-12-11,69.36,45.15,270.95,137.35,339.0
2024-12-12,66.81,44.94,548.25,142.61,320.1
2024-12-13,65.11,43.48,138.05,138.05,24.08
2024-12-14,64.73,42.01,33.43,34.14,54.48
2024-12-15,64.35,42.01,25.03,34.47,60.41
2024-12-16,63.97,41.71,75.92,100.07,99.23
2024-12-17,62.96,39.39,94.98,77.61,12.48
2024-12-18,63.6,41.36,47.33,74.12,
2024-12-19,66.36,40.84,68.11,85.43,266.91
2024-12-20,66.85,42.4,93.41,104.76,87.9
2024-12-21,67.33,42.9,11.43,25.54,46.2
2024-12-22,67.81,42.9,44.28,66.48,74.7
2024-12-23,68.29,43.22,50.5,66.47,104.5
2024-12-24,68.08,44.65,42.95,42.95,60.1
2024-12-25,68.77,44.65,29.5,35.42,81.51
2024-12-26,69.46,44.65,34.15,34.15,52.88
2024-12-27,70.15,45.87,50.59,50.59,84.02
2024-12-28,70.29,47.45,43.03,39.33,127.8
2024-12-29,70.44,47.45,27.67,25.52,47.47
2024-12-30,70.58,47.69,29.47,45.04,118.31
2024-12-31,71.57,47.27,19.76,42.59,123.0
